"","doi"
"1","https://doi.org/10.1016/j.clineuro.2025.108761"
"2","https://doi.org/10.24018/ejece.2023.7.1.483"
"3","https://doi.org/10.1109/access.2023.3278273"
"4","https://doi.org/10.1038/s41598-024-61665-4"
"5","https://doi.org/10.1016/j.jneumeth.2024.110210"
"6","https://doi.org/10.1186/s12911-025-02894-z"
"7","https://doi.org/10.3390/bdcc7010045"
"8","https://doi.org/10.3390/app13085047"
"9","https://doi.org/10.1016/j.jnrt.2024.100156"
"10","https://doi.org/10.1088/2631-8695/adad3a"
"11","https://doi.org/10.3390/app15094639"
"12","https://doi.org/10.3390/info14080435"
"13","https://doi.org/10.1109/tse.2024.3350019"
"14","https://doi.org/10.3390/electronics13040686"
"15","https://doi.org/10.1016/j.imed.2023.06.002"
"16","https://doi.org/10.1016/j.heliyon.2024.e27411"
"17","https://doi.org/10.1016/j.ijmedinf.2025.105811"
"18","https://doi.org/10.47852/bonviewmedin42022470"
"19","https://doi.org/10.1002/hsr2.70062"
"20","https://doi.org/10.14569/ijacsa.2022.0131232"
"21","https://doi.org/10.20944/preprints202405.0975.v1"
"22","https://doi.org/10.3390/jcdd11070207"
"23","https://doi.org/10.3390/diagnostics14222514"
"24","https://doi.org/10.7717/peerj-cs.1684"
"25","https://doi.org/10.1080/10255842.2024.2316877"
"26","https://doi.org/10.29304/jqcsm.2024.16.11453"
"27","https://doi.org/10.1109/wams59642.2024.10528005"
"28","https://doi.org/10.3390/life13010237"
"29","https://doi.org/10.37802/joti.v4i2.278"
"30","https://doi.org/10.3390/a16090417"
"31","https://doi.org/10.17762/ijritcc.v11i10s.7616"
"32","https://doi.org/10.1155/2024/4523388"
"33","https://doi.org/10.1038/s41598-024-80129-3"
"34","https://doi.org/10.59461/ijdiic.v2i3.73"
"35","https://doi.org/10.1109/icpcsn62568.2024.00053"
"36","https://doi.org/10.1109/iconat57137.2023.10080722"
"37","https://doi.org/10.1109/icdt57929.2023.10151148"
"38","https://doi.org/10.4018/979-8-3693-5464-3.ch007"
"39","https://doi.org/10.1007/978-981-96-3358-6_42"
"40","https://doi.org/10.1007/s11042-025-20787-1"
"41","https://doi.org/10.1155/acis/7394597"
"42","https://doi.org/10.1177/20552076251336853"
"43","https://doi.org/10.48084/etasr.10292"
"44","https://doi.org/10.1016/j.eij.2025.100705"
"45","https://doi.org/10.31466/kfbd.1538305"
"46","https://doi.org/10.1016/j.neuri.2025.100215"
"47","https://doi.org/10.1016/b978-0-443-31624-1.00003-4"
"48","https://doi.org/10.1016/j.cmpbup.2025.100198"
"49","https://doi.org/10.1016/j.ijmedinf.2025.106041"
"50","https://doi.org/10.1063/5.0277178"
"51","https://doi.org/10.1063/5.0277172"
"52","https://doi.org/10.1063/5.0277180"
"53","https://doi.org/10.1109/ginotech63460.2025.11076988"
"54","https://doi.org/10.1007/978-3-031-94937-1_18"
"55","https://doi.org/10.1002/fsn3.70837"
"56","https://doi.org/10.17148/iarjset.2022.9620"
"57","https://doi.org/10.1109/raeeucci61380.2024.10547987"
"58","https://doi.org/10.1109/iccpct61902.2024.10672657"
"59","https://doi.org/10.1109/access.2024.3386220"
"60","https://doi.org/10.1109/icaccess61735.2024.10499584"
"61","https://doi.org/10.62411/jcta.10516"
"62","https://doi.org/10.1016/j.seizure.2024.06.011"
"63","https://doi.org/10.1109/aisc56616.2023.10085514"
"64","https://doi.org/10.1109/iscon57294.2023.10112188"
"65","https://doi.org/10.1109/icict57646.2023.10134192"
"66","https://doi.org/10.1007/s11042-023-16009-1"
"67","https://doi.org/10.1007/978-3-031-47055-4_10"
"68","https://doi.org/10.1109/bigdata59044.2023.10386474"
"69","https://doi.org/10.24996/ijs.2023.64.12.39"
"70","https://doi.org/10.1109/iemecon56962.2023.10092374"
"71","https://doi.org/10.1109/icaiss58487.2023.10250666"
"72","https://doi.org/10.1109/icict4sd59951.2023.10303319"
"73","https://doi.org/10.4218/etrij.2022-0271"
"74","https://doi.org/10.1063/5.0185040"
"75","https://doi.org/10.52783/jes.1117"
"76","https://doi.org/10.15575/join.v9i1.1249"
"77","https://doi.org/10.1007/978-3-031-59131-0_13"
"78","https://doi.org/10.1109/iccds60734.2024.10560429"
"79","https://doi.org/10.1109/ic3se62002.2024.10593413"
"80","https://doi.org/10.1109/intcec61833.2024.10602984"
"81","https://doi.org/10.7759/s44389-024-02268-y"
"82","https://doi.org/10.1109/iccci56745.2023.10128293"
"83","https://doi.org/10.20944/preprints202306.1444.v1"
"84","https://doi.org/10.1007/978-981-99-3878-0_25"
"85","https://doi.org/10.1109/conit59222.2023.10205861"
"86","https://doi.org/10.1109/iccpct58313.2023.10245699"
"87","https://doi.org/10.1109/ccis59572.2023.10263235"
"88","https://doi.org/10.1109/iciss59129.2023.10291404"
"89","https://doi.org/10.1109/pais60821.2023.10322003"
"90","https://doi.org/10.1109/eict61409.2023.10427860"
"91","https://doi.org/10.33096/ilkom.v14i3.1328.218-228"
"92","https://doi.org/10.5815/ijeme.2023.02.04"
"93","https://doi.org/10.22214/ijraset.2023.53345"
"94","https://doi.org/10.1109/wconf58270.2023.10235122"
"95","https://doi.org/10.1109/rmkmate59243.2023.10368945"
"96","https://doi.org/10.1109/ictacs59847.2023.10389941"
"97","https://doi.org/10.1109/nelex59773.2023.10421131"
"98","https://doi.org/10.1109/dasa54658.2022.9765263"
"99","https://doi.org/10.1038/s41598-022-26595-z"
"100","https://doi.org/10.1109/icemis56295.2022.9914334"
"101","https://doi.org/10.1109/icrito56286.2022.9965081"
"102","https://doi.org/10.1109/iatmsi56455.2022.10119373"
"103","https://doi.org/10.1109/iatmsi56455.2022.10119295"
"104","https://doi.org/10.1007/978-981-99-8479-4_14"
"105","https://doi.org/10.1016/j.jns.2024.122928"
"106","https://doi.org/10.18421/tem131-74"
"107","https://doi.org/10.1016/j.ejmp.2024.103359"
"108","https://doi.org/10.1109/icict60155.2024.10544969"
"109","https://doi.org/10.2139/ssrn.4854167"
"110","https://doi.org/10.1109/icaaic60222.2024.10574944"
"111","https://doi.org/10.1109/wids-psu61003.2024.00031"
"112","https://doi.org/10.12998/wjcc.v12.i27.6032"
"113","https://doi.org/10.52783/cana.v31.1203"
"114","https://doi.org/10.1109/icipcn63822.2024.00029"
"115","https://doi.org/10.1002/9781394272587.ch12"
"116","https://doi.org/10.1016/b978-0-443-22038-8.00018-0"
"117","https://doi.org/10.1109/acet61898.2024.10730596"
"118","https://doi.org/10.48175/ijarsct-22151"
"119","https://doi.org/10.1186/s12911-024-02766-y"
"120","https://doi.org/10.1109/hite63532.2024.10777174"
"121","https://doi.org/10.21015/vtse.v12i4.1932"
"122","https://doi.org/10.56294/dm2024.548"
"123","https://doi.org/10.1109/incowoco64194.2024.10863346"
"124","https://doi.org/10.1145/3708657.3708765"
"125","https://doi.org/10.1109/iccmc53470.2022.9754110"
"126","https://doi.org/10.1007/978-3-031-21385-4_19"
"127","https://doi.org/10.1109/delcon57910.2023.10127366"
"128","https://doi.org/10.1007/978-981-99-2100-3_21"
"129","https://doi.org/10.22214/ijraset.2023.54857"
"130","https://doi.org/10.1007/978-981-99-5881-8_23"
"131","https://doi.org/10.1109/icaeeci58247.2023.10370938"
"132","https://doi.org/10.1109/ic3i59117.2023.10398094"
"133","https://doi.org/10.1109/icccis60361.2023.10425097"
"134","https://doi.org/10.21203/rs.3.rs-1920639/v1"
"135","https://doi.org/10.1007/978-981-19-6068-0_28"
"136","https://doi.org/10.37648/ijrst.v11i04.004"
"137","https://doi.org/10.1007/s00521-024-10437-2"
"138","https://doi.org/10.1016/j.asoc.2024.111491"
"139","https://doi.org/10.1186/s12911-025-02894-z"
"140","https://doi.org/10.1038/s41598-025-93505-4"
"141","https://doi.org/10.3390/electronics13061025"
"142","https://doi.org/10.1007/s13748-024-00357-6"
"143","https://doi.org/10.3389/fmed.2024.1407376"
"144","https://doi.org/10.1016/j.compag.2024.109348"
"145","https://doi.org/10.20944/preprints202403.0134.v1"
"146","https://doi.org/10.3390/diagnostics14222514"
"147","https://doi.org/10.1007/s41870-024-02016-4"
"148","https://doi.org/10.1007/978-3-031-82516-3_11"
"149","https://doi.org/10.1007/978-3-031-82516-3_6"
"150","https://doi.org/10.1007/978-981-97-9523-9_31"
"151","https://doi.org/10.1155/acis/7394597"
"152","https://doi.org/10.1007/s12652-025-04973-5"
"153","https://doi.org/10.1007/s12539-025-00709-3"
"154","https://doi.org/10.1016/j.procs.2025.03.326"
"155","https://doi.org/10.1007/s11042-025-20912-0"
"156","https://doi.org/10.3390/a18060333"
"157","https://doi.org/10.1007/978-981-97-9526-0_24"
"158","https://doi.org/10.1002/eng2.70213"
"159","https://doi.org/10.1109/otcon65728.2025.11071001"
"160","https://doi.org/10.1007/s11135-025-02315-3"
"161","https://doi.org/10.1038/s41598-025-18024-8"
"162","https://doi.org/10.3390/eng5010015"
"163","https://doi.org/10.1101/2024.02.28.24303495"
"164","https://doi.org/10.1109/access.2024.3496791"
"165","https://doi.org/10.1109/access.2024.3496907"
"166","https://doi.org/10.1016/j.ceh.2024.12.003"
"167","https://doi.org/10.1080/01605682.2024.2445760"
"168","https://doi.org/10.1038/s41598-024-61665-4"
"169","https://doi.org/10.1088/2631-8695/adad3a"
"170","https://doi.org/10.1177/09287329241308465"
"171","https://doi.org/10.1007/978-981-96-4756-9_1"
"172","https://doi.org/10.1002/hsr2.70062"
"173","https://doi.org/10.7717/peerj-cs.1684"
"174","https://doi.org/10.3390/app14135421"
"175","https://doi.org/10.48084/etasr.9031"
"176","https://doi.org/10.1007/s11042-025-20765-7"
"177","https://doi.org/10.1155/acis/7394597"
"178","https://doi.org/10.1007/s00521-025-11416-x"
"179","https://doi.org/10.1002/eng2.70213"
"180","https://doi.org/10.3390/jcm14145025"
"181","https://doi.org/10.1007/s10278-024-01280-x"
"182","https://doi.org/10.1109/icaccess61735.2024.10499584"
"183","https://doi.org/10.1007/s11042-024-19254-0"
"184","https://doi.org/10.1038/s41598-024-78353-y"
"185","https://doi.org/10.1109/ic2ie63342.2024.10748095"
"186","https://doi.org/10.1109/icict60155.2024.10544969"
"187","https://doi.org/10.1007/978-3-031-64813-7_31"
"188","https://doi.org/10.1109/icipcn63822.2024.00029"
"189","https://doi.org/10.1145/3708657.3708765"
"190","https://doi.org/10.1109/iccit64611.2024.11022182"
"191","https://doi.org/10.4108/eetiot.5384"
"192","https://doi.org/10.3390/make7010004"
"193","https://doi.org/10.1007/s41870-023-01688-8"
"194","https://doi.org/10.3390/s25061739"
"195","https://doi.org/10.1016/j.matcom.2025.03.025"
"196","https://doi.org/10.48084/etasr.7020"
"197","https://doi.org/10.1007/s41870-023-01630-y"
"198","https://doi.org/10.3390/diagnostics14222514"
"199","https://doi.org/10.1007/s41870-024-01757-6"
"200","https://doi.org/10.1007/s42979-024-03389-w"
"201","https://doi.org/10.1007/s41870-023-01607-x"
"202","https://doi.org/10.1007/978-3-031-77075-3_6"
"203","https://doi.org/10.48084/etasr.9736"
"204","https://doi.org/10.1080/10255842.2025.2510368"
"205","https://doi.org/10.1101/2025.06.05.657994"
"206","https://doi.org/10.1002/eng2.70213"
"207","https://doi.org/10.1177/18724981251360377"
"208","https://doi.org/10.1109/raeeucci61380.2024.10547987"
"209","https://doi.org/10.23919/indiacom61295.2024.10498263"
"210","https://doi.org/10.1109/iccds60734.2024.10560429"
"211","https://doi.org/10.1109/iceect61758.2024.10739284"
"212","https://doi.org/10.1007/s41870-023-01577-0"
"213","https://doi.org/10.1109/icipcn63822.2024.00029"
"214","https://doi.org/10.1016/j.jneumeth.2024.110210"
"215","https://doi.org/10.1007/s11227-025-06924-5"
"216","https://doi.org/10.3390/life15030390"
"217","https://doi.org/10.1108/bpmj-07-2024-0622"
"218","https://doi.org/10.1007/s43926-025-00101-z"
"219","https://doi.org/10.1016/j.compag.2025.110563"
"220","https://doi.org/10.3390/jcm14124026"
"221","https://doi.org/10.1109/incip64058.2025.11019658"
"222","https://doi.org/10.3390/math13121927"
"223","https://doi.org/10.1186/s12903-025-06408-1"
"224","https://doi.org/10.1016/j.jclepro.2025.146111"
"225","https://doi.org/10.56741/iistr.esl.00936"
"226","https://doi.org/10.2174/0118750362387304250716055022"
"227","https://doi.org/10.1109/icc-robins64345.2025.11086346"
"228","https://doi.org/10.1080/17582024.2025.2554531"
"229","https://doi.org/10.1007/s11761-024-00415-w"
"230","https://doi.org/10.3389/fncom.2024.1425008"
"231","https://doi.org/10.1109/ic2pct60090.2024.10486536"
"232","https://doi.org/10.1177/14604582241255584"
"233","https://doi.org/10.1117/12.3012948"
"234","https://doi.org/10.4108/eetsis.7022"
"235","https://doi.org/10.2174/0118749445342057241105062547"
"236","https://doi.org/10.1016/j.clineuro.2024.108689"
"237","https://doi.org/10.1186/s12911-025-02894-z"
"238","https://doi.org/10.2147/ndt.s499083"
"239","https://doi.org/10.3844/jcssp.2025.124.133"
"240","https://doi.org/10.21203/rs.3.rs-6416394/v1"
"241","https://doi.org/10.2139/ssrn.5256190"
"242","https://doi.org/10.1016/j.bspc.2025.108266"
"243","https://doi.org/10.1109/icicv64824.2025.11085894"
"244","https://doi.org/10.34256/ijcci2514"
"245","https://doi.org/10.1038/s41598-025-15332-x"
"246","https://doi.org/10.1016/j.eswa.2025.129004"
"247","https://doi.org/10.3389/fneur.2025.1615523"
"248","https://doi.org/10.1080/23279095.2025.2516259"
"249","https://doi.org/10.62520/fujece.1694558"
"250","https://doi.org/10.1109/access.2024.3433513"
"251","https://doi.org/10.1016/j.jneumeth.2024.110210"
"252","https://doi.org/10.3390/s25061739"
"253","https://doi.org/10.3390/app15094639"
"254","https://doi.org/10.1016/j.imed.2023.06.002"
"255","https://doi.org/10.1109/access.2024.3383140"
"256","https://doi.org/10.1109/access.2024.3406748"
"257","https://doi.org/10.1007/s11042-025-20765-7"
"258","https://doi.org/10.1016/j.neuri.2025.100215"
"259","https://doi.org/10.1016/j.bspc.2025.108266"
"260","https://doi.org/10.1007/978-981-96-5729-2_33"
"261","https://doi.org/10.1109/access65134.2025.11135533"
"262","https://doi.org/10.3390/app14188430"
"263","https://doi.org/10.12720/jait.15.6.764-783"
"264","https://doi.org/10.1016/j.health.2024.100374"
"265","https://doi.org/10.23939/cds2024.01.017"
"266","https://doi.org/10.1007/978-3-031-59131-0_13"
"267","https://doi.org/10.1109/ic3se62002.2024.10593413"
"268","https://doi.org/10.18280/ria.380419"
"269","https://doi.org/10.62754/joe.v3i5.3876"
"270","https://doi.org/10.12720/jait.15.5.565-571"
"271","https://doi.org/10.1145/3631908.3631919"
"272","https://doi.org/10.1145/3641584.3641796"
"273","https://doi.org/10.12720/jait.15.3.407-413"
"274","https://doi.org/10.3233/jifs-236354"
"275","https://doi.org/10.14569/ijacsa.2024.01507128"
"276","https://doi.org/10.1145/3686540.3686551"
"277","https://doi.org/10.22214/ijraset.2023.54857"
"278","https://doi.org/10.21203/rs.3.rs-3347519/v1"
"279","https://doi.org/10.1109/icispc59567.2023.00018"
"280","https://doi.org/10.1109/icccis60361.2023.10425097"
"281","https://doi.org/10.1145/3633637.3633651"
"282","https://doi.org/10.3390/s25061739"
"283","https://doi.org/10.3390/app15094639"
"284","https://doi.org/10.47852/bonviewmedin42022470"
"285","https://doi.org/10.4018/979-8-3693-9445-8.ch019"
"286","https://doi.org/10.1002/eng2.70213"
"287","https://doi.org/10.1038/s41598-025-11263-9"
"288","https://doi.org/10.1109/iccds60734.2024.10560429"
"289","https://doi.org/10.4108/eetsis.7022"
"290","https://doi.org/10.3390/a17120571"
"291","https://doi.org/10.15575/join.v9i1.1307"
"292","https://doi.org/10.1109/icaaic60222.2024.10574944"
"293","https://doi.org/10.1007/978-3-031-64813-7_31"
"294","https://doi.org/10.1109/icipcn63822.2024.00029"
"295","https://doi.org/10.1016/j.health.2024.100368"
"296","https://doi.org/10.51889/2959-5894.2024.88.4.018"
"297","https://doi.org/10.1016/j.compbiomed.2025.109835"
"298","https://doi.org/10.1109/icoac59537.2023.10249246"
"299","https://doi.org/10.1007/s41870-024-01803-3"
"300","https://doi.org/10.1109/ickecs61492.2024.10616432"
"301","https://doi.org/10.1080/01969722.2025.2470786"
"302","https://doi.org/10.1016/j.eij.2025.100705"
"303","https://doi.org/10.3233/idt-240368"
"304","https://doi.org/10.1109/ic3iot60841.2024.10550229"
"305","https://doi.org/10.1109/ickecs61492.2024.10616955"
"306","https://doi.org/10.1109/incet57972.2023.10170201"
"307","https://doi.org/10.1007/s00354-022-00196-w"
"308","https://doi.org/10.1109/icc-robins60238.2024.10533990"
"309","https://doi.org/10.1109/ic3iot60841.2024.10550330"
"310","https://doi.org/10.1109/incet61516.2024.10593037"
"311","https://doi.org/10.1109/ickecs61492.2024.10617170"
"312","https://doi.org/10.1109/ickecs61492.2024.10616713"
"313","https://doi.org/10.1109/ickecs61492.2024.10616964"
"314","https://doi.org/10.1007/978-981-99-5994-5_18"
"315","https://doi.org/10.1007/s10462-025-11131-y"
"316","https://doi.org/10.3844/jcssp.2025.124.133"
"317","https://doi.org/10.3389/fcvm.2025.1579947"
"318","https://doi.org/10.5772/acrt.20250023"
"319","https://doi.org/10.1038/s41598-024-61665-4"
"320","https://doi.org/10.3390/electronics13040686"
"321","https://doi.org/10.1007/978-981-96-2468-3_71"
"322","https://doi.org/10.1016/j.eij.2025.100705"
"323","https://doi.org/10.1101/2025.06.05.657994"
"324","https://doi.org/10.1002/eng2.70213"
"325","https://doi.org/10.15575/join.v9i1.1249"
"326","https://doi.org/10.1109/icict60155.2024.10544969"
"327","https://doi.org/10.1002/hsr2.70062"
"328","https://doi.org/10.1007/978-981-96-4967-9_152"
"329","https://doi.org/10.1109/ginotech63460.2025.11076679"
"330","https://doi.org/10.3390/a17120571"
"331","https://doi.org/10.34288/jri.v6i4.344"
"332","https://doi.org/10.18421/tem131-74"
"333","https://doi.org/10.1007/978-981-97-5146-4_32"
"334","https://doi.org/10.1109/iccit64611.2024.11022182"
"335","https://doi.org/10.1002/hsr2.70062"
"336","https://doi.org/10.48084/etasr.10292"
"337","https://doi.org/10.1016/j.ijmedinf.2025.106041"
"338","https://doi.org/10.1109/iccit60459.2023.10440991"
"339","https://doi.org/10.15575/join.v9i1.1249"
"340","https://doi.org/10.18280/ria.380419"
"341","https://doi.org/10.55489/njcm.140620233026"
"342","https://doi.org/10.1109/pais60821.2023.10322003"
"343","https://doi.org/10.30812/matrik.v22i1.2365"
"344","https://doi.org/10.18421/tem131-74"
"345","https://doi.org/10.30865/mib.v8i3.7855"
"346","https://doi.org/10.30873/simada.v6i1.3429"
"347","https://doi.org/10.1002/ima.70094"
"348","https://doi.org/10.1109/icdt63985.2025.10986374"
"349","https://doi.org/10.1007/s11882-025-01207-8"
"350","https://doi.org/10.3390/math13010098"
"351","https://doi.org/10.1145/3706890.3706954"
"352","https://doi.org/10.7717/peerj-cs.2702"
"353","https://doi.org/10.1109/netcrypt65877.2025.11102758"
"354","https://doi.org/10.7717/peerj-cs.2060"
"355","https://doi.org/10.1109/icici65870.2025.11069808"
"356","https://doi.org/10.1007/978-981-96-3358-6_11"
"357","https://doi.org/10.1007/s13042-023-02048-5"
"358","https://doi.org/10.1007/s11042-025-20765-7"
"359","https://doi.org/10.22541/au.171618337.73099150/v1"
"360","https://doi.org/10.29130/dubited.1268348"
"361","https://doi.org/10.37058/innovatics.v5i2.8444"
"362","https://doi.org/10.34012/jurnalsisteminformasidanilmukomputer.v7i1.4083"
"363","https://doi.org/10.3390/diagnostics14020128"
"364","https://doi.org/10.1007/978-981-97-5146-4_32"
"365","https://doi.org/10.1109/icoeca62351.2024.00120"
"366","https://doi.org/10.1109/access.2024.3429157"
"367","https://doi.org/10.1007/s00146-023-01735-9"
"368","https://doi.org/10.14569/ijacsa.2023.01406115"
"369","https://doi.org/10.1016/j.cmpbup.2023.100098"
"370","https://doi.org/10.3390/a18020089"
"371","https://doi.org/10.1007/s44174-023-00078-9"
"372","https://doi.org/10.1016/j.ibmed.2023.100100"
"373","https://doi.org/10.1007/s11831-024-10098-3"
"374","https://doi.org/10.3390/s22228615"
"375","https://doi.org/10.1016/j.jpi.2023.100307"
"376","https://doi.org/10.1016/j.heliyon.2024.e29197"
"377","https://doi.org/10.3390/app15094639"
"378","https://doi.org/10.1016/j.health.2023.100290"
"379","https://doi.org/10.1016/j.compbiomed.2023.107289"
"380","https://doi.org/10.33640/2405-609x.3355"
"381","https://doi.org/10.1007/978-981-97-8074-7_7"
"382","https://doi.org/10.1016/j.health.2023.100292"
"383","https://doi.org/10.1002/eng2.12666"
"384","https://doi.org/10.1002/hsr2.70062"
"385","https://doi.org/10.1109/access.2024.3372082"
"386","https://doi.org/10.1007/s11042-024-19652-4"
"387","https://doi.org/10.1109/wconf58270.2023.10235070"
"388","https://doi.org/10.1080/10255842.2024.2316877"
"389","https://doi.org/10.1007/s13721-024-00447-4"
"390","https://doi.org/10.1080/10255842.2024.2363946"
"391","https://doi.org/10.3390/bioengineering11070672"
"392","https://doi.org/10.1016/j.jksuci.2023.101807"
"393","https://doi.org/10.1016/j.health.2024.100319"
"394","https://doi.org/10.1016/j.measen.2024.101108"
"395","https://doi.org/10.3390/bioengineering11111053"
"396","https://doi.org/10.1109/access.2024.3429157"
"397","https://doi.org/10.4018/979-8-3693-5464-3.ch007"
"398","https://doi.org/10.1016/j.jnlest.2025.100315"
"399","https://doi.org/10.3390/technologies13060222"
"400","https://doi.org/10.4018/979-8-3693-9445-8.ch019"
"401","https://doi.org/10.1016/j.cmpbup.2025.100198"
"402","https://doi.org/10.62520/fujece.1694558"
"403","https://doi.org/10.1016/j.ijmedinf.2025.106041"
"404","https://doi.org/10.1007/978-3-031-92041-7_9"
"405","https://doi.org/10.1049/tje2.70110"
"406","https://doi.org/10.34256/ijcci2514"
"407","https://doi.org/10.1109/ginotech63460.2025.11076679"
"408","https://doi.org/10.1007/978-981-96-7445-9_8"
"409","https://doi.org/10.1016/j.health.2023.100255"
"410","https://doi.org/10.1109/icaccess61735.2024.10499584"
"411","https://doi.org/10.7759/cureus.59768"
"412","https://doi.org/10.1109/smarttechcon57526.2023.10391334"
"413","https://doi.org/10.56919/usci.2123.011"
"414","https://doi.org/10.54082/jiki.90"
"415","https://doi.org/10.1016/j.sciaf.2024.e02225"
"416","https://doi.org/10.23939/cds2024.01.017"
"417","https://doi.org/10.1007/978-3-031-59131-0_13"
"418","https://doi.org/10.1109/tqcebt59414.2024.10545194"
"419","https://doi.org/10.1145/3675094.3677602"
"420","https://doi.org/10.7759/s44389-024-02268-y"
"421","https://doi.org/10.13005/bpj/3031"
"422","https://doi.org/10.1088/1755-1315/1217/1/012038"
"423","https://doi.org/10.1109/iccit60459.2023.10441480"
"424","https://doi.org/10.1109/wconf58270.2023.10235122"
"425","https://doi.org/10.21203/rs.3.rs-3320207/v1"
"426","https://doi.org/10.1108/jm2-09-2022-0224"
"427","https://doi.org/10.46299/isg.2023.2.6"
"428","https://doi.org/10.1101/2023.11.17.23298646"
"429","https://doi.org/10.1109/rmkmate59243.2023.10368945"
"430","https://doi.org/10.33108/visnyk_tntu2024.01.027"
"431","https://doi.org/10.11603/2411-1597.2023.3-4.14548"
"432","https://doi.org/10.22541/au.171618337.73099150/v1"
"433","https://doi.org/10.11603/2411-1597.2024.1.14659"
"434","https://doi.org/10.62527/joiv.8.2.2689"
"435","https://doi.org/10.1109/icaaic60222.2024.10574944"
"436","https://doi.org/10.1007/978-3-031-64813-7_31"
"437","https://doi.org/10.14569/ijacsa.2024.01507128"
"438","https://doi.org/10.52783/cana.v31.1203"
"439","https://doi.org/10.1063/5.0229493"
"440","https://doi.org/10.1002/9781394272587.ch12"
"441","https://doi.org/10.1002/eng2.13034"
"442","https://doi.org/10.1016/j.health.2024.100368"
"443","https://doi.org/10.1109/hiset61796.2024.00052"
"444","https://doi.org/10.1007/978-3-031-72215-8_28"
"445","https://doi.org/10.1145/3708657.3708765"
"446","https://doi.org/10.1109/itnt57377.2023.10139121"
"447","https://doi.org/10.46299/isg.p.2023.2.6"
"448","https://doi.org/10.4018/979-8-3693-1850-8.ch017"
"449","https://doi.org/10.59247/jahir.v1i2.87"
"450","https://doi.org/10.32493/informatika.v8i2.30550"
"451","https://doi.org/10.1002/mabi.202400150"
"452","https://doi.org/10.1016/j.jrras.2025.101648"
"453","https://doi.org/10.1177/09287329241308465"
"454","https://doi.org/10.1016/j.advengsoft.2024.103648"
"455","https://doi.org/10.3390/diagnostics14222514"
"456","https://doi.org/10.1038/s41598-024-70354-1"
"457","https://doi.org/10.1007/s00521-024-09831-7"
"458","https://doi.org/10.1016/j.atech.2025.100768"
"459","https://doi.org/10.1007/978-3-031-81596-6_24"
"460","https://doi.org/10.29137/umagd.1432162"
"461","https://doi.org/10.1016/j.procs.2025.04.287"
"462","https://doi.org/10.3390/jpm15050200"
"463","https://doi.org/10.4018/979-8-3693-9445-8.ch019"
"464","https://doi.org/10.1016/j.eij.2025.100705"
"465","https://doi.org/10.1109/icpcsn65854.2025.11035960"
"466","https://doi.org/10.62520/fujece.1694558"
"467","https://doi.org/10.1016/j.brainres.2025.149807"
"468","https://doi.org/10.1038/s41598-025-14358-5"
"469","https://doi.org/10.1007/978-981-96-6718-5_6"
"470","https://doi.org/10.1016/j.ijcce.2024.09.005"
"471","https://doi.org/10.53759/7669/jmc202404107"
"472","https://doi.org/10.22541/au.171618337.73099150/v1"
"473","https://doi.org/10.1109/wids-psu61003.2024.00031"
"474","https://doi.org/10.1007/978-3-031-64813-7_31"
"475","https://doi.org/10.23887/janapati.v13i2.70016"
"476","https://doi.org/10.1109/iciteics61368.2024.10625300"
"477","https://doi.org/10.18280/jesa.570412"
"478","https://doi.org/10.1016/j.health.2024.100368"
"479","https://doi.org/10.2139/ssrn.4674576"
"480","https://doi.org/10.1016/j.clineuro.2025.108761"
"481","https://doi.org/10.1111/phn.13500"
"482","https://doi.org/10.1002/viw.20240059"
"483","https://doi.org/10.3389/fneur.2025.1489714"
"484","https://doi.org/10.1097/md.0000000000042690"
"485","https://doi.org/10.1007/s42452-024-06307-0"
"486","https://doi.org/10.3390/app15010149"
"487","https://doi.org/10.3844/jcssp.2025.124.133"
"488","https://doi.org/10.1051/itmconf/20257004029"
"489","https://doi.org/10.1007/s44196-025-00760-4"
"490","https://doi.org/10.3389/fcvm.2025.1525966"
"491","https://doi.org/10.48084/etasr.9736"
"492","https://doi.org/10.3389/fneur.2025.1524851"
"493","https://doi.org/10.1007/s00521-025-11416-x"
"494","https://doi.org/10.1161/strokeaha.125.051993"
"495","https://doi.org/10.1016/j.istruc.2025.110025"
"496","https://doi.org/10.1186/s40001-024-02147-1"
"497","https://doi.org/10.1097/wco.0000000000001333"
"498","https://doi.org/10.3390/a17120571"
"499","https://doi.org/10.1109/icosec61587.2024.10722454"
"500","https://doi.org/10.3389/fstro.2024.1488313"
"501","https://doi.org/10.2174/0118749445393308250529093953"
"502","https://doi.org/10.3389/fmed.2025.1587540"
"503","https://doi.org/10.1016/j.rerere.2025.05.002"
"504","https://doi.org/10.3390/app12147092"
"505","https://doi.org/10.3390/diagnostics12081899"
"506","https://doi.org/10.3390/bioengineering10030383"
"507","https://doi.org/10.3390/bioengineering12020140"
"508","https://doi.org/10.3390/diagnostics13061026"
"509","https://doi.org/10.3390/diagnostics13040814"
"510","https://doi.org/10.3390/app13085047"
"511","https://doi.org/10.3390/pr11010212"
"512","https://doi.org/10.3390/s24134355"
"513","https://doi.org/10.3390/electronics11152460"
"514","https://doi.org/10.1080/09540091.2022.2123450"
"515","https://doi.org/10.1002/mco2.778"
"516","https://doi.org/10.3390/app12178836"
"517","https://doi.org/10.3390/electronics11182865"
"518","https://doi.org/10.1155/2023/8616939"
"519","https://doi.org/10.3390/pr11030910"
"520","https://doi.org/10.57197/jdr-2024-0061"
"521","https://doi.org/10.14569/ijacsa.2023.0140874"
"522","https://doi.org/10.1007/s11042-025-20765-7"
"523","https://doi.org/10.1016/j.engappai.2025.111565"
"524","https://doi.org/10.1016/j.bspc.2025.108266"
"525","https://doi.org/10.3390/jimaging10070160"
"526","https://doi.org/10.1080/03772063.2024.2434572"
"527","https://doi.org/10.31466/kfbd.1515451"
"528","https://doi.org/10.1109/compsac57700.2023.00078"
"529","https://doi.org/10.5815/ijisa.2024.01.03"
"530","https://doi.org/10.37934/araset.40.2.6273"
"531","https://doi.org/10.1016/j.bspc.2024.106317"
"532","https://doi.org/10.1016/j.bspc.2024.106381"
"533","https://doi.org/10.1109/icemps60684.2024.10559315"
"534","https://doi.org/10.26877/asset.v6i3.673"
"535","https://doi.org/10.53759/7669/jmc202404107"
"536","https://doi.org/10.1145/3703461"
"537","https://doi.org/10.1007/978-3-031-73324-6_1"
"538","https://doi.org/10.32604/cmc.2023.035686"
"539","https://doi.org/10.55452/1998-6688-2024-21-2-83-94"
"540","https://doi.org/10.1109/ickecs61492.2024.10617161"
"541","https://doi.org/10.1002/9781394272587.ch12"
"542","https://doi.org/10.1109/acet61898.2024.10730596"
"543","https://doi.org/10.1016/j.health.2024.100368"
"544","https://doi.org/10.1038/s41598-024-80792-6"
"545","https://doi.org/10.2139/ssrn.5256190"
"546","https://doi.org/10.2139/ssrn.5358813"
"547","https://doi.org/10.1186/s12879-025-10738-4"
"548","https://doi.org/10.1007/s13748-024-00357-6"
"549","https://doi.org/10.1016/j.compag.2025.109905"
"550","https://doi.org/10.1007/s10115-025-02424-3"
"551","https://doi.org/10.1038/s41598-025-07628-9"
"552","https://doi.org/10.1080/21642583.2024.2364033"
"553","https://doi.org/10.1186/s12884-024-06773-9"
"554","https://doi.org/10.3390/diagnostics14222514"
"555","https://doi.org/10.1080/21642583.2024.2427033"
"556","https://doi.org/10.3390/info15050252"
"557","https://doi.org/10.1038/s41598-025-99449-z"
"558","https://doi.org/10.1016/j.eij.2025.100705"
"559","https://doi.org/10.1007/s44163-025-00370-1"
"560","https://doi.org/10.1038/s41598-025-02294-3"
"561","https://doi.org/10.1186/s12985-025-02900-w"
"562","https://doi.org/10.1109/ginotech63460.2025.11076679"
"563","https://doi.org/10.1109/icict60155.2024.10544745"
"564","https://doi.org/10.1097/wco.0000000000001333"
"565","https://doi.org/10.21203/rs.3.rs-3347519/v1"
"566","https://doi.org/10.1038/s41598-024-61665-4"
"567","https://doi.org/10.3390/analytics3010003"
"568","https://doi.org/10.1016/j.jneumeth.2024.110210"
"569","https://doi.org/10.1002/sres.3139"
"570","https://doi.org/10.1016/j.isci.2024.110240"
"571","https://doi.org/10.3390/analytics3020014"
"572","https://doi.org/10.1109/jsen.2024.3359811"
"573","https://doi.org/10.1007/978-981-96-2468-3_71"
"574","https://doi.org/10.3390/diagnostics15080976"
"575","https://doi.org/10.46632/tfe/3/2/3"
"576","https://doi.org/10.3923/jas.2024.1.15"
"577","https://doi.org/10.15575/join.v9i1.1249"
"578","https://doi.org/10.53759/7669/jmc202404107"
"579","https://doi.org/10.3233/jifs-236354"
"580","https://doi.org/10.1007/978-981-97-8537-7_12"
"581","https://doi.org/10.1109/icast61769.2024.10856478"
"582","https://doi.org/10.3390/s25061739"
"583","https://doi.org/10.1002/widm.70031"
"584","https://doi.org/10.1038/s41598-025-14444-8"
"585","https://doi.org/10.3390/healthcare13172154"
"586","https://doi.org/10.31083/j.ceog5112268"
"587","https://doi.org/10.3390/s25061739"
"588","https://doi.org/10.1080/15481603.2025.2492971"
"589","https://doi.org/10.1002/eng2.70213"
"590","https://doi.org/10.1080/01969722.2025.2546604"
"591","https://doi.org/10.1007/s41060-025-00771-6"
"592","https://doi.org/10.1097/md.0000000000042690"
"593","https://doi.org/10.62520/fujece.1694558"
"594","https://doi.org/10.36548/jaicn.2025.2.007"
"595","https://doi.org/10.3390/app15094639"
"596","https://doi.org/10.1186/s40001-024-02147-1"
"597","https://doi.org/10.1016/j.isci.2024.111407"
"598","https://doi.org/10.21015/vtcs.v12i2.1906"
"599","https://doi.org/10.7759/s44389-024-02268-y"
"600","https://doi.org/10.4108/eetsis.7022"
"601","https://doi.org/10.18517/ijaseit.14.6.12408"
"602","https://doi.org/10.1016/j.ijmedinf.2025.105811"
"603","https://doi.org/10.1016/j.bspc.2025.108266"
"604","https://doi.org/10.1371/journal.pone.0328967"
"605","https://doi.org/10.1038/s41598-025-07350-6"
"606","https://doi.org/10.3390/engproc2025107032"
"607","https://doi.org/10.1007/978-3-031-84816-2_29"
"608","https://doi.org/10.1108/bpmj-05-2024-0316"
"609","https://doi.org/10.34104/ajeit.024.070078"
"610","https://doi.org/10.34104/ajeit.024.0930103"
"611","https://doi.org/10.1177/09287329241308465"
"612","https://doi.org/10.1002/eng2.70213"
"613","https://doi.org/10.1109/icict60155.2024.10544969"
"614","https://doi.org/10.1109/icaaic60222.2024.10574944"
"615","https://doi.org/10.1080/10255842.2024.2316877"
"616","https://doi.org/10.1109/incacct57535.2023.10141780"
"617","https://doi.org/10.56726/irjmets47710"
"618","https://doi.org/10.22541/au.171618337.73099150/v1"
"619","https://doi.org/10.29130/dubited.1268348"
"620","https://doi.org/10.1109/icosec58147.2023.10276023"
"621","https://doi.org/10.1038/s41598-024-61665-4"
"622","https://doi.org/10.3390/app15094639"
"623","https://doi.org/10.1080/10255842.2024.2316877"
"624","https://doi.org/10.1101/2025.06.05.657994"
"625","https://doi.org/10.23939/cds2024.01.017"
"626","https://doi.org/10.1007/978-3-031-59131-0_13"
"627","https://doi.org/10.1186/s12911-025-02894-z"
"628","https://doi.org/10.3390/bioengineering11121290"
"629","https://doi.org/10.7717/peerj-cs.2969"
"630","https://doi.org/10.1016/j.compbiomed.2025.109676"
"631","https://doi.org/10.18517/ijaseit.14.1.19676"
"632","https://doi.org/10.1109/cictn57981.2023.10140921"
"633","https://doi.org/10.1109/iccit64611.2024.11022001"
"634","https://doi.org/10.1002/9781394272303.ch5"
"635","https://doi.org/10.1109/imcom60618.2024.10418246"
"636","https://doi.org/10.3390/bdcc6040139"
"637","https://doi.org/10.1109/comst.2023.3256323"
"638","https://doi.org/10.3390/bdcc6030098"
"639","https://doi.org/10.3390/computers12010019"
"640","https://doi.org/10.3390/s23031161"
"641","https://doi.org/10.1038/s41598-025-98721-6"
"642","https://doi.org/10.3390/s22145304"
"643","https://doi.org/10.1109/access.2022.3232490"
"644","https://doi.org/10.3390/s23031193"
"645","https://doi.org/10.1109/access.2023.3278273"
"646","https://doi.org/10.1016/j.dss.2023.114126"
"647","https://doi.org/10.1038/s41598-024-59997-2"
"648","https://doi.org/10.1007/s11831-024-10098-3"
"649","https://doi.org/10.1186/s12911-025-02894-z"
"650","https://doi.org/10.3390/s23167095"
"651","https://doi.org/10.3390/app13085047"
"652","https://doi.org/10.1186/s43067-024-00150-4"
"653","https://doi.org/10.1002/viw.20240059"
"654","https://doi.org/10.1016/j.jnrt.2024.100156"
"655","https://doi.org/10.1007/s00438-024-02217-3"
"656","https://doi.org/10.1038/s41598-025-91157-y"
"657","https://doi.org/10.3390/s25061739"
"658","https://doi.org/10.3390/electronics13040686"
"659","https://doi.org/10.3390/s22145365"
"660","https://doi.org/10.1007/s41870-023-01321-8"
"661","https://doi.org/10.1016/j.compbiomed.2023.107289"
"662","https://doi.org/10.1016/j.heliyon.2024.e27411"
"663","https://doi.org/10.33640/2405-609x.3355"
"664","https://doi.org/10.1186/s12859-024-05866-8"
"665","https://doi.org/10.1016/j.ecoenv.2024.117570"
"666","https://doi.org/10.1016/j.ijmedinf.2025.105811"
"667","https://doi.org/10.1186/s12911-025-02909-9"
"668","https://doi.org/10.1002/hsr2.70799"
"669","https://doi.org/10.1097/md.0000000000042690"
"670","https://doi.org/10.1140/epjs/s11734-025-01792-9"
"671","https://doi.org/10.1080/23311916.2024.2325635"
"672","https://doi.org/10.30574/wjarr.2024.22.2.1483"
"673","https://doi.org/10.1002/hsr2.70062"
"674","https://doi.org/10.20944/preprints202405.0975.v1"
"675","https://doi.org/10.1109/access.2024.3406748"
"676","https://doi.org/10.3390/jcdd11070207"
"677","https://doi.org/10.14569/ijacsa.2023.01406115"
"678","https://doi.org/10.1109/ccgridw59191.2023.00020"
"679","https://doi.org/10.7717/peerj-cs.1684"
"680","https://doi.org/10.1109/icccnt56998.2023.10308218"
"681","https://doi.org/10.1080/10255842.2024.2316877"
"682","https://doi.org/10.34133/hds.0165"
"683","https://doi.org/10.3390/bioengineering11070672"
"684","https://doi.org/10.3390/s23010040"
"685","https://doi.org/10.37802/joti.v4i2.278"
"686","https://doi.org/10.1109/icecct56650.2023.10179623"
"687","https://doi.org/10.3390/a16090417"
"688","https://doi.org/10.3390/computation11090170"
"689","https://doi.org/10.1016/j.eswa.2023.122559"
"690","https://doi.org/10.1016/j.measen.2024.101108"
"691","https://doi.org/10.1109/icetcs61022.2024.10544182"
"692","https://doi.org/10.59461/ijdiic.v2i3.73"
"693","https://doi.org/10.1109/access.2024.3429157"
"694","https://doi.org/10.1109/iconat57137.2023.10080722"
"695","https://doi.org/10.3390/biomedicines11041116"
"696","https://doi.org/10.14569/ijacsa.2023.0140481"
"697","https://doi.org/10.1109/icdt57929.2023.10151148"
"698","https://doi.org/10.4028/p-qk2n23"
"699","https://doi.org/10.21203/rs.3.rs-5766278/v1"
"700","https://doi.org/10.1051/itmconf/20257004029"
"701","https://doi.org/10.37015/audt.2025.240011"
"702","https://doi.org/10.1155/acis/1013769"
"703","https://doi.org/10.1007/978-981-97-9262-7_69"
"704","https://doi.org/10.1007/s11042-025-20787-1"
"705","https://doi.org/10.1155/acis/7394597"
"706","https://doi.org/10.1186/s12872-025-04870-x"
"707","https://doi.org/10.1007/978-3-031-88294-4_14"
"708","https://doi.org/10.4018/979-8-3693-9445-8.ch019"
"709","https://doi.org/10.1101/2025.06.05.657994"
"710","https://doi.org/10.1016/j.neuri.2025.100215"
"711","https://doi.org/10.1063/5.0258966"
"712","https://doi.org/10.1016/j.bspc.2025.108266"
"713","https://doi.org/10.1051/bioconf/202518301022"
"714","https://doi.org/10.1016/j.hest.2025.07.002"
"715","https://doi.org/10.1186/s12884-025-07884-7"
"716","https://doi.org/10.3390/inventions10040060"
"717","https://doi.org/10.1007/978-981-96-3652-5_30"
"718","https://doi.org/10.34256/ijcci2514"
"719","https://doi.org/10.1007/s44174-025-00410-5"
"720","https://doi.org/10.1109/ginotech63460.2025.11076988"
"721","https://doi.org/10.1109/ginotech63460.2025.11076679"
"722","https://doi.org/10.1002/alz.70543"
"723","https://doi.org/10.1063/5.0261290"
"724","https://doi.org/10.3389/fphar.2025.1600435"
"725","https://doi.org/10.1007/s10586-025-05372-3"
"726","https://doi.org/10.1109/ecce57851.2023.10101567"
"727","https://doi.org/10.1007/s12539-023-00583-x"
"728","https://doi.org/10.3390/s23198078"
"729","https://doi.org/10.1007/978-3-031-65022-2_7"
"730","https://doi.org/10.1109/iccpct61902.2024.10672657"
"731","https://doi.org/10.1038/s41598-024-73570-x"
"732","https://doi.org/10.1016/j.measen.2024.101405"
"733","https://doi.org/10.1109/inista55318.2022.9894186"
"734","https://doi.org/10.3390/bioengineering9110622"
"735","https://doi.org/10.1101/2024.01.11.575156"
"736","https://doi.org/10.1007/s10796-023-10468-5"
"737","https://doi.org/10.1109/icaccess61735.2024.10499584"
"738","https://doi.org/10.1109/iatmsi60426.2024.10503299"
"739","https://doi.org/10.1007/s11042-024-19254-0"
"740","https://doi.org/10.1038/s41598-024-65633-w"
"741","https://doi.org/10.1109/i-smac61858.2024.10714900"
"742","https://doi.org/10.1186/s40001-024-02147-1"
"743","https://doi.org/10.3389/fninf.2022.883762"
"744","https://doi.org/10.1109/iscon57294.2023.10112188"
"745","https://doi.org/10.1109/icaiss58487.2023.10250666"
"746","https://doi.org/10.1109/inc457730.2023.10262959"
"747","https://doi.org/10.1109/iccit60459.2023.10440991"
"748","https://doi.org/10.5815/ijisa.2024.01.03"
"749","https://doi.org/10.1109/acdsa59508.2024.10467844"
"750","https://doi.org/10.1055/s-0044-1779486"
"751","https://doi.org/10.48175/ijarsct-17224"
"752","https://doi.org/10.15575/join.v9i1.1249"
"753","https://doi.org/10.1007/978-3-031-59131-0_13"
"754","https://doi.org/10.3389/fcvm.2024.1368094"
"755","https://doi.org/10.1109/ic3se62002.2024.10593413"
"756","https://doi.org/10.2991/978-94-6463-471-6_13"
"757","https://doi.org/10.1109/intcec61833.2024.10602984"
"758","https://doi.org/10.1109/icdh62654.2024.00035"
"759","https://doi.org/10.62754/joe.v3i5.3876"
"760","https://doi.org/10.1145/3675094.3677602"
"761","https://doi.org/10.53759/7669/jmc202404107"
"762","https://doi.org/10.1145/3703461"
"763","https://doi.org/10.4108/eetsis.7022"
"764","https://doi.org/10.1007/s40031-024-01085-0"
"765","https://doi.org/10.1186/s12911-024-02752-4"
"766","https://doi.org/10.1016/j.aprim.2023.102578"
"767","https://doi.org/10.1007/978-3-031-34171-7_24"
"768","https://doi.org/10.20944/preprints202306.1444.v1"
"769","https://doi.org/10.1007/978-981-99-3878-0_25"
"770","https://doi.org/10.1088/1742-6596/2560/1/012051"
"771","https://doi.org/10.3389/fneur.2023.1257388"
"772","https://doi.org/10.1109/pais60821.2023.10322003"
"773","https://doi.org/10.1007/978-3-031-24866-5_33"
"774","https://doi.org/10.1109/iconscept57958.2023.10170332"
"775","https://doi.org/10.1109/wconf58270.2023.10235028"
"776","https://doi.org/10.1109/wconf58270.2023.10235122"
"777","https://doi.org/10.1109/icicat57735.2023.10263723"
"778","https://doi.org/10.1109/nmitcon58196.2023.10276219"
"779","https://doi.org/10.48550/arxiv.2312.03867"
"780","https://doi.org/10.1109/ieeeconf58974.2023.10404260"
"781","https://doi.org/10.1109/icoiact59844.2023.10455892"
"782","https://doi.org/10.1109/seeda-cecnsm61561.2023.10470847"
"783","https://doi.org/10.3390/healthcare10071235"
"784","https://doi.org/10.1007/978-981-99-8479-4_14"
"785","https://doi.org/10.54097/ggrkeb45"
"786","https://doi.org/10.1007/978-3-031-52385-4_22"
"787","https://doi.org/10.33108/visnyk_tntu2024.01.027"
"788","https://doi.org/10.21203/rs.3.rs-4093064/v1"
"789","https://doi.org/10.48175/ijarsct-16823"
"790","https://doi.org/10.59313/jsr-a.1422792"
"791","https://doi.org/10.57152/predatecs.v2i1.1119"
"792","https://doi.org/10.1109/jsait.2024.3397741"
"793","https://doi.org/10.1109/icrito61523.2024.10522185"
"794","https://doi.org/10.1109/incos59338.2024.10527517"
"795","https://doi.org/10.1007/978-3-031-51167-7_79"
"796","https://doi.org/10.62527/joiv.8.2.2689"
"797","https://doi.org/10.1109/icict60155.2024.10544969"
"798","https://doi.org/10.2139/ssrn.4889013"
"799","https://doi.org/10.12998/wjcc.v12.i27.6032"
"800","https://doi.org/10.25126/jtiik.1138070"
"801","https://doi.org/10.1109/ickecs61492.2024.10617161"
"802","https://doi.org/10.5753/sbbd_estendido.2024.243520"
"803","https://doi.org/10.1007/978-981-97-8043-3_163"
"804","https://doi.org/10.1016/j.health.2024.100368"
"805","https://doi.org/10.3389/fphys.2024.1357123"
"806","https://doi.org/10.1007/978-3-031-78186-5_29"
"807","https://doi.org/10.1016/j.bspc.2024.107255"
"808","https://doi.org/10.21015/vtse.v12i4.1932"
"809","https://doi.org/10.1109/icisaa62385.2024.10829210"
"810","https://doi.org/10.1109/icisaa62385.2024.10828954"
"811","https://doi.org/10.1109/incowoco64194.2024.10863346"
"812","https://doi.org/10.1109/iccit64611.2024.11022182"
"813","https://doi.org/10.1145/3718391.3718430"
"814","https://doi.org/10.37394/232029.2022.1.2"
"815","https://doi.org/10.1109/icscds56580.2023.10104728"
"816","https://doi.org/10.26483/ijarcs.v14i3.6980"
"817","https://doi.org/10.21203/rs.3.rs-3317894/v1"
"818","https://doi.org/10.22214/ijraset.2023.54857"
"819","https://doi.org/10.21203/rs.3.rs-3347519/v1"
"820","https://doi.org/10.1109/icpcsn58827.2023.00085"
"821","https://doi.org/10.1109/icosec58147.2023.10276023"
"822","https://doi.org/10.21203/rs.3.rs-3461792/v1"
"823","https://doi.org/10.30595/juita.v11i2.17348"
"824","https://doi.org/10.2139/ssrn.4636627"
"825","https://doi.org/10.1109/idicaiei58380.2023.10406528"
"826","https://doi.org/10.59247/jahir.v1i2.87"
"827","https://doi.org/10.1109/icaiccit60255.2023.10466154"
"828","https://doi.org/10.1109/zcict59466.2023.10528633"
"829","https://doi.org/10.32493/informatika.v8i2.31351"
"830","https://doi.org/10.1109/nkcon56289.2022.10127074"
"831","https://doi.org/10.4018/ijwsr.338222"
"832","https://doi.org/10.1016/j.jneumeth.2024.110210"
"833","https://doi.org/10.3390/math12101514"
"834","https://doi.org/10.1038/s41598-024-75638-0"
"835","https://doi.org/10.1002/ird3.70005"
"836","https://doi.org/10.1038/s41598-024-82931-5"
"837","https://doi.org/10.1016/j.neuri.2025.100215"
"838","https://doi.org/10.1109/wids-psu61003.2024.00031"
"839","https://doi.org/10.1109/iccit64611.2024.11022182"
"840","https://doi.org/10.48084/etasr.10762"
"841","https://doi.org/10.11648/j.ijbse.20251302.15"
"842","https://doi.org/10.1371/journal.pone.0307654"
"843","https://doi.org/10.1016/j.diabres.2025.112221"
"844","https://doi.org/10.21037/qims-24-1397"
"845","https://doi.org/10.21203/rs.3.rs-5706254/v1"
"846","https://doi.org/10.1016/j.procs.2025.04.367"
"847","https://doi.org/10.38124/ijisrt/25may1232"
"848","https://doi.org/10.29407/intensif.v9i2.24637"
"849","https://doi.org/10.35377/saucis...1665478"
"850","https://doi.org/10.31127/tuje.1502587"
"851","https://doi.org/10.1016/j.bspc.2025.108361"
"852","https://doi.org/10.1109/icccit62592.2025.10928114"
