"","web_address","title","doi","type","pdf","english","search","uses_data"
"1","https://pdfs.semanticscholar.org/5927/bd097c9ae86ac998d4b5d75f32b12fb72bc8.pdf","Fusing Attention and Convolution: A Hybrid Model for Brain Stroke Prediction","10.4108/eetsis.7022","article","yes","yes","stroke","yes"
"2","https://pdfs.semanticscholar.org/92bd/37f4f0bfa3371145b4aa8642011eb59054e4.pdfy","Logistic Regression for Stroke Prediction: An Evaluation of its Accuracy and Validity ","na","article","yes","yes","stroke","yes"
"3","https://universalcollegeofengineering.edu.in/wp-content/uploads/2024/03/3.3.1-COMP-MERGED-36-41.pdf","BrainOK: Brain Stroke Prediction using Machine Learning","na","article","yes","yes","stroke","yes"
"4","https://www.mdpi.com/1999-4893/16/9/417","An Optimization Precise Model of Stroke Data to Improve Stroke Prediction","10.3390/a16090417","article","yes","yes","stroke","yes"
"5","https://www.tmrjournals.com/public/articlePDF/20240318/2ee0c7402a3d89f27da97a71a00f1978.pdf","A machine learning approach for predictings stroke","10.53388/MDM202407015","article","yes","yes","stroke","yes"
"6","https://www.mdpi.com/2076-3417/15/9/4639","A Hybrid Deep Learning Approach for Improved Detection and Prediction of Brain Stroke","10.3390/app15094639","article","yes","yes","stroke","yes"
"7","https://peerj.com/articles/cs-1626/","Heart disease severity level identification system on Hyperledger consortium network","10.7717/peerj-cs.1626","article","yes","yes","stroke","yes"
"8","https://www.researchgate.net/profile/Eka-Miranda-3/publication/387197185_Enhancing_automatic_early_arteriosclerosis_prediction_an_explainable_machine_learning_evidence/links/676bb328e74ca64e1f2b60cb/Enhancing-automatic-early-arteriosclerosis-prediction-an-explainable-machine-learning-evidence.pdf","Enhancing automatic early arteriosclerosis prediction: an explainable machine learning evidence","10.1016/j.ceh.2024.12.003","article","yes","yes","stroke","yes"
"9","https://link.springer.com/article/10.1007/s42235-022-00216-x","An Efficient Hybrid Model Based on Modified Whale Optimization Algorithm and Multilayer Perceptron Neural Network for Medical Classification Problems","10.1007/s42235-022-00216-x","article","yes","yes","stroke","yes"
"10","https://www.sciencedirect.com/science/article/pii/S2665917423001575","A novel Swarm Optimized Clustering based genetic algorithm for medical decision support system","10.1016/j.measen.2023.100821","article","yes","yes","stroke","yes"
"11","https://ijs.uobaghdad.edu.iq/index.php/eijs/article/view/8682","Machine Learning Prediction of Brain Stroke at an Early Stage","10.24996/ijs.2023.64.12.39","article","yes","yes","stroke","yes"
"12","https://iopscience.iop.org/article/10.1088/2058-9565/ad934d/meta","Quantum-inspired attribute selection algorithms","10.1088/2058-9565/ad934d","article","yes","yes","stroke","yes"
"13","https://www.researchgate.net/publication/366925808_Classification_of_stroke_patients_using_data_mining_with_AdaBoost_Decision_Tree_and_Random_Forest_models","Classification of stroke patients using data mining with AdaBoost, Decision Tree and Random Forest models","na","article","yes","yes","stroke","yes"
"14","https://www.mdpi.com/2306-5354/11/7/672","An Ensemble Machine Learning and Data Mining Approach to Enhance Stroke Prediction","10.3390/bioengineering11070672","article","yes","yes","stroke","yes"
"15","https://dl.acm.org/doi/abs/10.1145/3512850.3512856","A Multi-layer Approach for Data Cleaning in the Healthcare Domain","10.1145/3512850.3512856","article","yes","yes","stroke","yes"
"16","https://www.scirp.org/journal/paperinformation?paperid=134020","The Early Warning Signs of a Stroke: An Approach Using Machine Learning Predictions","10.4236/jcc.2024.126005 ","article","yes","yes","stroke","yes"
"17","https://www.tandfonline.com/doi/abs/10.1080/17445760.2022.2085703","Re-configurable, expandable, and cost-effective heterogeneous FPGA cluster approach for resource-constrained data analysis","10.1080/17445760.2022.2085703","article","yes","yes","stroke","yes"
"18","https://e-journals.dinamika.ac.id/joti/article/view/278","Optimizing Accuracy of Stroke Prediction Using Logistic Regression","10.37802/joti.v4i2.278","article","yes","yes","stroke","yes"
"19","https://www.tandfonline.com/doi/abs/10.1080/10255842.2025.2501636","Harnessing the hybrid machine learning methods for stroke risk classification","10.1080/10255842.2025.2501636","article","yes","yes","stroke","yes"
"20","https://dergipark.org.tr/en/pub/fujece/issue/92842/1694558y","Machine Learning Approaches in Medical Data Processing: A Proposal for an Intelligent Stroke Diagnosis System","10.62520/fujece.1694558","article","yes","yes","stroke","yes"
"21","https://pubs.aip.org/aip/acp/article/3227/1/050002/3339310/Brain-stroke-detection-using-machine-learning","Brain stroke detection using machine learning","10.1063/5.0241582","article","yes","yes","stroke","yes"
"22","https://ami.info.umfcluj.ro/index.php/AMI/article/view/927","Optimization of Machine Learning Algorithms with Bagging and AdaBoost Methods for Stroke Disease Prediction","na","article","yes","yes","stroke","yes"
"23","https://onlinelibrary.wiley.com/doi/full/10.1155/2024/4523388y","Intelligent Stroke Disease Prediction Model Using Deep Learning Approaches","10.1155/2024/4523388","article","yes","yes","stroke","yes"
"24","https://www.nature.com/articles/s41597-024-04019-z","An Open Source Python Library for Anonymizing Sensitive Data","10.1038/s41597-024-04019-z","article","yes","yes","stroke","yes"
"25","https://journal.unpak.ac.id/index.php/komputasi/article/view/8265","Web Design for Stroke Early Detection Using Decision Tree C5.0"," 10.33751/komputasi.v20i2.8265","article","yes","yes","stroke","yes"
"26","https://npublications.com/journals/bio/2022/a402010-020(2022).pdf","Hybrid Features Binary Classification of Imbalance Stroke Patients Using Different Machine Learning Algorithms","10.46300/91011.2022.16.20","article","yes","yes","stroke","yes"
"27","https://journal.universitasbumigora.ac.id/index.php/matrik/article/view/3555","Stroke Prediction with Enhanced Gradient Boosting Classifier and Strategic Hyperparameter","10.30812/matrik.v23i2.3555","article","yes","yes","stroke","yes"
"28","https://join.if.uinsgd.ac.id/index.php/join/article/view/1249","Analysis of Data and Feature Processing on Stroke Prediction using Wide Range Machine Learning Model","10.15575/join.v9i1.1249","article","yes","yes","stroke","yes"
"29","https://ieeexplore.ieee.org/abstract/document/10722885","Are Machine Learning Classifiers Robust Enough Against Poisoned Datasets?","10.1109/MRL.2024.3468213","article","yes","yes","stroke","yes"
"30","https://www.researchgate.net/profile/Jaber-Alwidian/publication/360948065_A_Predictive_Model_of_Stroke_Diseases_using_Machine_Learning_Techniques/links/63611c7a6e0d367d91e7b7a6/A-Predictive-Model-of-Stroke-Diseases-using-Machine-Learning-Techniques.pdf","A Predictive Model of Stroke Diseases using Machine Learning Techniques","10.35940/ijrte.A6900.0511122","article","yes","yes","stroke","yes"
"31","https://www.cell.com/heliyon/fulltext/S2405-8440(24)09815-3","A Novel generalization of sequential decision-theoretic rough set model and its application","10.1016/j.heliyon.2024.e33784 ","article","yes","yes","stroke","yes"
"32","https://link.springer.com/article/10.1007/s11227-025-06919-2","Unlocking the power of optimized data balancing ratios: a new frontier in tackling imbalanced datasets","10.1007/s11227-025-06919-2","article","yes","yes","stroke","yes"
"33","https://www.researchgate.net/profile/Sameer_Shukla3/publication/372882469_Enhancing_Healthcare_Insights_Exploring_Diverse_Use-Cases_with_K-means_Clustering/links/666e5dc5a54c5f0b94664547/Enhancing-Healthcare-Insights-Exploring-Diverse-Use-Cases-with-K-means-Clustering.pdf","Enhancing Healthcare Insights, Exploring Diverse Use-Cases with K-means Clustering","na","article","yes","yes","stroke","yes"
"34","https://link.springer.com/article/10.1007/s12539-023-00583-x","CA-UNet Segmentation Makes a Good Ischemic Stroke Risk Prediction","10.1007/s12539-023-00583-x","article","yes","yes","stroke","yes"
"35","https://link.springer.com/article/10.1007/s00354-022-00190-2","Design and Development of Modified Ensemble Learning with Weighted RBM Features for Enhanced Multi-disease Prediction Model","10.1007/s00354-022-00190-2","article","yes","yes","stroke","yes"
"36","https://faculty.uobasrah.edu.iq/uploads/publications/1733982324.pdf","Pre-Diagnosing the Stroke Using Artificial Neural Network ","10.14704/nq.2022.20.10.NQ55093","article","yes","yes","stroke","yes"
"37","https://ieeexplore.ieee.org/abstract/document/10930894/","When Poor-Quality Data Meet Anonymization Models: Threats and Countermeasures","10.1109/ACCESS.2025.3552412","article","yes","yes","stroke","yes"
"38","https://link.springer.com/article/10.1007/s12553-024-00847-6","Utility of GAN generated synthetic data for cardiovascular diseases mortality prediction: an experimental study","10.1007/s12553-024-00847-6","article","yes","yes","stroke","yes"
"39","https://ieeexplore.ieee.org/abstract/document/9801625/","FMCPNN in Digital Twins Smart Healthcare","10.1109/MCE.2022.3184441","article","yes","yes","stroke","yes"
"40","https://www.researchgate.net/publication/365856223_Prediction_of_Stroke_Disease_Using_Deep_CNN_Based_Approach","Prediction of Stroke Disease Using Deep CNN Based Approach","10.12720/jait.13.6.604-613","article","yes","yes","stroke","yes"
"41","https://dl.acm.org/doi/abs/10.1145/3644116.3644171","Stroke Prediction based on Integrated Models of Biological Risk Factors","10.1145/3644116.3644171","article","yes","yes","stroke","yes"
"42","https://www.mdpi.com/2076-3417/13/8/5047","A-Tuning Ensemble Machine Learning Technique for Cerebral Stroke Prediction","10.3390/app13085047","article","yes","yes","stroke","yes"
"43","https://www.researchgate.net/profile/Qabeela-Thabit/publication/387570512_Early_Prediction_of_Stroke_Based_on_Deep_and_Machine_Learning_by_Applying_Medical_Imaging_and_Tabular_Data/links/6774f43300aa3770e0ccd561/Early-Prediction-of-Stroke-Based-on-Deep-and-Machine-Learning-by-Applying-Medical-Imaging-and-Tabular-Data.pdf","Early Prediction of Stroke Based on Deep and Machine Learning by Applying Medical Imaging and Tabular Data","10.18280/mmep.111228","article","yes","yes","stroke","yes"
"44","https://ieeexplore.ieee.org/abstract/document/11068036","A Machine Learning Framework for Stroke Prediction: Balancing Precision and Recall in Healthcare Analytics","10.1109/MeMeA65319.2025.11068036","article","yes","yes","stroke","yes"
"45","https://www.proquest.com/openview/a93395a894d0d154ee39f48aba0d76e6/1?pq-origsite=gscholar&cbl=5444811","Analyzing the Performance of Stroke Prediction using ML Classification Algorithms","10.14569/IJACSA.2021.0120662","article","yes","yes","stroke","yes"
"46","https://pmc.ncbi.nlm.nih.gov/articles/PMC11945820/","A Novel Explainable Attention-Based Meta-Learning Framework for Imbalanced Brain Stroke Prediction","10.3390/s25061739","article","yes","yes","stroke","yes"
"47","https://www.mdpi.com/1424-8220/24/21/6891","Adversarial Examples on XAI-Enabled DT for Smart Healthcare Systems","10.3390/s24216891","article","yes","yes","stroke","yes"
"48","https://ojs.wiserpub.com/index.php/CCDS/article/view/6976","Comparative Evaluation of Machine Learning Models for Stroke Prediction in Clinical Settings","10.37256/ccds.6220256976","article","yes","yes","stroke","yes"
"49","https://www.nature.com/articles/s41597-022-01894-2","A Python library to check the level of anonymity of a dataset","10.1038/s41597-022-01894-2","article","yes","yes","stroke","yes"
"50","https://www.researchgate.net/profile/Marimuthu-Muthuvel-2/publication/353122087_Stroke_Prediction/links/61d95d8bda5d105e55278aba/Stroke-Prediction.pdf?_sg%5B0%5D=started_experiment_milestone&_sg%5B1%5D=started_experiment_milestone&origin=journalDetail&_rtd=e30%3D","COMPUTATIONAL HEALTH CARE ANALYSIS USING HADOOP – STROKE PREDICTION ","na","article","yes","yes","stroke","yes"
"51","https://www.nature.com/articles/s41598-025-96541-2","An effective PO-RSNN and FZCIS based diabetes prediction and stroke analysis in the metaverse environment","10.1038/s41598-025-96541-2","article","yes","yes","stroke","yes"
"52","https://www.cell.com/heliyon/fulltext/S2405-8440(24)03442-X","Unlocking stroke prediction: Harnessing projection-based statistical feature extraction with ML algorithms","10.1016/j.heliyon.2024.e27411 ","article","yes","yes","stroke","yes"
"53","https://jurnal.unsil.ac.id/index.php/innovatics/article/view/6565y","Multi-Layer Perceptron For Diagnosing Stroke With The SMOTE Method In Overcoming Data Imbalances","10.37058/innovatics.v5i1.6565","article","yes","yes","stroke","yes"
"54","https://www.mdpi.com/1999-4893/17/2/78","A Review of Machine Learning’s Role in Cardiovascular Disease Prediction: Recent Advances and Future Challenges","10.3390/a17020078","article","yes","yes","stroke","yes"
"55","https://www.jstor.org/stable/27320248","Two inertial projective Mann forward-backward algorithm for variational inclusion problems and application to stroke prediction","10.37193/CJM.2024.02.10","article","yes","yes","stroke","yes"
"56","https://www.spiedigitallibrary.org/conference-proceedings-of-spie/12458/124582R/Stroke-prediction-based-on-multifactorial-regression-models/10.1117/12.2662578.short","Stroke prediction based on multifactorial regression models","10.1117/12.2662578","article","yes","yes","stroke","yes"
"57","https://ijai.iaescore.com/index.php/IJAI/article/view/24942/14110","Enhancing stroke prediction using the waikato environment for knowledge analysis","10.11591/ijai.v13.i3.pp3010-3017","article","yes","yes","stroke","yes"
"58","https://link.springer.com/article/10.1007/s00521-024-10235-w","A novel K-nearest neighbor classifier for lung cancer disease diagnosis","10.1007/s00521-024-10235-w","article","yes","yes","stroke","yes"
"59","https://ejournal.ptti.web.id/index.php/jahir/article/view/87","Comparison of Classification and Regression Model Approaches on the Main Causes of Stroke with Symbolic Regression Feyn Qlattice","10.59247/jahir.v1i2.87","article","yes","yes","stroke","yes"
"60","https://join.if.uinsgd.ac.id/index.php/join/article/view/1293","Data Balancing Techniques Using the PCA-KMeans and ADASYN for Possible Stroke Disease Cases","10.15575/join.v9i1.1293","article","yes","yes","stroke","yes"
"61","https://link.springer.com/article/10.1186/s12911-025-02894-z","Improving stroke risk prediction by integrating XGBoost, optimized principal component analysis, and explainable artificial intelligence","10.1186/s12911-025-02894-z","article","yes","yes","stroke","yes"
"62","https://scholarcommons.sc.edu/aii_fac_pub/618/","A Comprehensive Survey on Rare Event Prediction","https://dl.acm.org/doi/10.1145/3699955","article","yes","yes","stroke","yes"
"63","https://dergipark.org.tr/en/pub/umagd/article/1432162","Comparison of Machine Learning and Deep Learning Techniques for Stroke Prediction","10.29137/umagd.1432162","article","yes","yes","stroke","yes"
"64","http://www.cse.griet.ac.in/pdfs/journals23-24/SJ8.pdf","SPE: Ensemble Hybrid Machine Learning Model for Efficient Diagnosis of Brain Stroke towards Clinical Decision Support System (CDSS) ","na","article","yes","yes","stroke","yes"
"65","https://www.spiedigitallibrary.org/conference-proceedings-of-spie/12451/1245147/A-new-stroke-prediction-model-combined-algorithm-based-on-artificial/10.1117/12.2656802.short","A new stroke prediction model combined algorithm based on artificial neural networks and logistic regression","10.1117/12.2656802","article","yes","yes","stroke","yes"
"66","http://gemapublisher.com/index.php/jiste/article/view/95","Data Management Analysis for Predicting Stroke using RapidMiner","10.61487/jiste.v2i3.95","article","yes","yes","stroke","yes"
"67","https://ieeexplore.ieee.org/abstract/document/10981714","A Web-Based Interface That Leverages Machine Learning to Assess an Individual’s Vulnerability to Brain Stroke","10.1109/ACCESS.2025.3566093","article","yes","yes","stroke","yes"
"68","https://www.sciencedirect.com/science/article/pii/S2666990025000229","Enhancing stroke prediction models: A mixing of data augmentation and transfer learning for small-scale dataset in machine learning","10.1016/j.cmpbup.2025.100198","article","yes","yes","stroke","yes"
"69","https://www.sciencedirect.com/science/article/pii/S2665917423002076","A brain stroke detection model using soft voting based ensemble machine learning classifier","10.1016/j.measen.2023.100871","article","yes","yes","stroke","yes"
"70","https://dergipark.org.tr/en/pub/kfbd/article/1538305","Predicting Stroke Risk with Machine Learning and Hyperparameter Optimization","10.31466/kfbd.1538305","article","yes","yes","stroke","yes"
"71","https://dl.acm.org/doi/abs/10.1145/3542954.3543020","A Hybrid Machine Learning Approach to Predict the Risk of Having Stroke","10.1145/3542954.3543020","article","yes","yes","stroke","yes"
"72","https://ieeexplore.ieee.org/abstract/document/10445451/","Adaptive Stochastic Conjugate Gradient Optimization for Backpropagation Neural Networks","10.1109/ACCESS.2024.3370859","article","yes","yes","stroke","yes"
"73","https://provost.utsa.edu/undergraduate-research/journal/files/vol8/Obehi%20Ikpea%20--Final.pdf","Performance of Machine Learning Algorithms for Heart Disease Prediction: Logistic Regressions Regularized by Elastic Net,  SVM, Random Forests, and Neural Networks","na","article","yes","yes","stroke","yes"
"74","https://journal.iistr.org/index.php/ESL/article/view/470","A Glimpse to the Future: Identifying Stroke Risk Factors Using Data Visualization for Stroke Prediction","10.56741/esl.v3i01.470","article","yes","yes","stroke","yes"
"75","https://mednexus.org/doi/full/10.1016/j.imed.2023.06.002","A hybrid system to predict brain stroke using a combined feature selection and classifier","10.1016/j.imed.2023.06.002","article","yes","yes","stroke","yes"
"76","https://www.spiedigitallibrary.org/conference-proceedings-of-spie/12613/1261311/Stroke-risk-prediction-using-multiple-machine-learning-algorithms/10.1117/12.2673750.short","Stroke risk prediction using multiple machine learning algorithms","10.1117/12.2673750","article","yes","yes","stroke","yes"
"77","https://www.mdpi.com/1999-4893/17/12/571","Stroke Dataset Modeling: Comparative Study of Machine Learning Classification Methods","10.3390/a17120571","article","yes","yes","stroke","yes"
"78","https://www.jicce.org/journal/view.html?pn=current_issue&uid=1296&vmd=Full","Crunch Mode: Make Early Predictions about Risk of Stroke Using Machine Learning","10.56977/jicce.2025.23.1.17","article","yes","yes","stroke","yes"
"79","https://jurnalnasional.ump.ac.id/index.php/JUITA/article/view/17348","Comparison of Data Mining Classification Algorithms for Stroke Disease Prediction Using the SMOTE Upsampling Method","10.30595/juita.v11i2.17348","article","yes","yes","stroke","yes"
"80","https://www.frontiersin.org/journals/bioengineering-and-biotechnology/articles/10.3389/fbioe.2023.1257591/full","Enhancing accuracy in brain stroke detection: Multi-layer perceptron with Adadelta, RMSProp and AdaMax optimizers","10.3389/fbioe.2023.1257591","article","yes","yes","stroke","yes"
"81","https://jurnal.itsm.ac.id/index.php/inside/article/view/1138","Implementation of Deep Learning in Diagnosing Stroke Disease Based on Clinical Data Parameters","10.31967/inside.v2i1.1138","article","yes","yes","stroke","yes"
"82","https://ieeexplore.ieee.org/abstract/document/9826726","Improved Clinical Diagnosis Using Predictive Analytics","10.1109/ACCESS.2022.3190416","article","yes","yes","stroke","yes"
"83","https://journal.universitasbumigora.ac.id/index.php/matrik/article/view/1666","Stroke Prediction Using Machine Learning Method with Extreme Gradient Boosting Algorithm","10.30812/matrik.v21i3.1666","article","yes","yes","stroke","yes"
"84","https://www.sciencedirect.com/science/article/pii/S2665917424000849y","Enhanced stroke prediction using stacking methodology (ESPESM) in intelligent sensors for aiding preemptive clinical diagnosis of brain stroke","10.1016/j.measen.2024.101108","article","yes","yes","stroke","yes"
"85","https://dl.acm.org/doi/abs/10.1145/3625240","XAutoML: A Visual Analytics Tool for Understanding and Validating Automated Machine Learning","10.1145/3625240","article","yes","yes","stroke","yes"
"86","https://www.nature.com/articles/s41598-025-11263-9","A comprehensive explainable AI approach for enhancing transparency and interpretability in stroke prediction","10.1038/s41598-025-11263-9","article","yes","yes","stroke","yes"
"87","https://link.springer.com/article/10.1007/s10115-025-02424-3","Efficient healthcare data classification through gazelle-inspired optimization and multimodal deep learning","10.1007/s10115-025-02424-3","article","yes","yes","stroke","yes"
"88","https://bright-journal.org/Journal/index.php/JADS/article/view/763","Navigating Heart Stroke Terrain: A Cutting-Edge Feed-Forward Neural Network Expedition","10.47738/jads.v6i3.763","article","yes","yes","stroke","yes"
"89","https://www.nature.com/articles/s41598-024-70354-1","Unveiling the potential of machine learning approaches in predicting the emergence of stroke at its onset: a predicting framework","10.1038/s41598-024-70354-1","article","yes","yes","stroke","yes"
"90","https://link.springer.com/article/10.1007/s42979-024-03389-w","Enhanced Stroke Risk Prediction: A Fusion of Machine Learning Models for Improved Healthcare Strategies","10.1007/s42979-024-03389-w","article","yes","yes","stroke","yes"
"91","https://jnao-nu.com/Vol_11_Issue_02_July-December_2020/14.pdf","AN ANALYSIS OF BRAIN STROKE PREDICTION USING MACHINE LEARNING ","na","article","yes","yes","stroke","yes"
"92","https://books.google.com.au/books?hl=en&lr=&id=17LQEAAAQBAJ&oi=fnd&pg=PA95&dq=fedesoriano+stroke+prediction+dataset&ots=9GC3fJbbqW&sig=TQPtm7_Mw0BqQLEZ5wDOlOHTSBg#v=onepage&q=fedesoriano%20stroke%20prediction%20dataset&f=false","Detecting Stroke in Human Beings Using Machine Learning","10.54941/ahfe1003460","article","yes","yes","stroke","yes"
"93","https://aseestant.ceon.rs/index.php/jouproman/article/view/50921","PREDICTIVE MODELING OF STROKE OCCURRENCE USING PYTHON FOR IMPROVED RISK ASSESSMENT","10.5937/jpmnt12-50921","article","yes","yes","stroke","yes"
"94","https://link.springer.com/article/10.1007/s00521-022-07853-7","Toward reliable machine learning with Congruity: a quality measure based on formal concept analysis","10.1007/s00521-022-07853-7","article","yes","yes","stroke","yes"
"95","https://ieeexplore.ieee.org/abstract/document/10057378/","Missing Value Imputation Methods for Electronic Health Records","10.1109/ACCESS.2023.3251919","article","yes","yes","stroke","yes"
"96","https://jurnal.unprimdn.ac.id/index.php/JUSIKOM/article/view/2714","Comparison of Classification Algorithm in Predicting Stroke Disease","10.34012/jurnalsisteminformasidanilmukomputer.v6i1.2714","article","yes","yes","stroke","yes"
"97","https://www.nature.com/articles/s41598-024-61665-4","Predictive modelling and identification of key risk factors for stroke using machine learning","10.1038/s41598-024-61665-4","article","yes","yes","stroke","yes"
"98","https://link.springer.com/article/10.1007/s10796-023-10468-5","Tools for Healthcare Data Lake Infrastructure Benchmarking","10.1007/s10796-023-10468-5","article","yes","yes","stroke","yes"
"99","https://peerj.com/articles/cs-2196/","A novel adaptive weight bi-directional long short-term memory (AWBi-LSTM) classifier model for heart stroke risk level prediction in IoT","10.7717/peerj-cs.2196","article","yes","yes","stroke","yes"
"100","https://www.mdpi.com/2673-4117/5/1/15","Process Mining Organization (PMO) Based on Machine Learning Decision Making for Prevention of Chronic Diseases","10.3390/eng5010015","article","yes","yes","stroke","yes"
"101","https://www.researchgate.net/profile/Olusola-Olabanjo/publication/379224780_Stroke_Risk_Factor_Prediction_Using_Machine_Learning_Techniques_A_Systematic_Review/links/65ff857df3b56b5b2d25c6d7/Stroke-Risk-Factor-Prediction-Using-Machine-Learning-Techniques-A-Systematic-Review.pdf","Stroke Risk Factor Prediction Using Machine Learning Techniques: A Systematic Review","10.3923/jas.2024.1.15","article","yes","yes","stroke","yes"
"102","https://www.scirp.org/journal/paperinformation?paperid=115005","Health Seek: A Deep Learning-Based Intelligent System to Aid Medical Diagnosis","10.4236/jbise.2022.151007","article","yes","yes","stroke","yes"
"103","https://papers.ssrn.com/sol3/papers.cfm?abstract_id=5247731","Accuracy-Fairness Trade-Off in ML for Healthcare: A Quantitative Evaluation of Bias Mitigation Strategies","10.2139/ssrn.5247731","article","yes","yes","stroke","yes"
"104","https://www.researchgate.net/profile/Samrat-Dey-3/publication/364418814_A_comparative_analysis_of_machine_learning_classifiers_for_stroke_prediction_A_predictive_analytics_approach/links/636e15d454eb5f547cc3b1d6/A-comparative-analysis-of-machine-learning-classifiers-for-stroke-prediction-A-predictive-analytics-approach.pdf","A comparative analysis of machine learning classifiers for stroke prediction: A predictive analytics approach","10.1016/j.health.2022.100116","article","yes","yes","stroke","yes"
"105","https://ujsds.ppj.unp.ac.id/ujsds/article/view/144","Comparison of the C5.0 Algorithm and the CART Algorithm in Stroke Classification","10.24036/ujsds/vol2-iss1/144","article","yes","yes","stroke","yes"
"106","https://hrcak.srce.hr/clanak/446282y","Healthcare Critical Diagnosis Accuracy: A Proposed Machine Learning Evaluation Metric for Critical Healthcare Analysis","10.32985/ijeces.14.8.10","article","yes","yes","stroke","yes"
"107","http://ijeeemi.org/index.php/ijeeemi/article/view/86","Combinations of Optimization Method and Balancing Technique in Hypertension Classification with Machine Learning","doi.org/10.35882/ijeeemi.v7i2.86","article","yes","yes","stroke","yes"
"108","https://www.sciencedirect.com/science/article/pii/S2324242624000639","Predicting stroke risk: An effective stroke prediction model based on neural networks","10.1016/j.jnrt.2024.100156","article","yes","yes","stroke","yes"
"109","https://www.mdpi.com/1424-8220/22/13/4670","Stroke Risk Prediction with Machine Learning Techniques","10.3390/s22134670","article","yes","yes","stroke","yes"
"110","https://eprints.bournemouth.ac.uk/36721/","Deep Learning and Machine Learning for Early Detection of Stroke and Haemorrhage.","10.32604/cmc.2022.024492","article","yes","yes","stroke","yes"
"111","https://jurnal.mdp.ac.id/index.php/jatisi/article/view/8044","The CLASSIFICATION OF STROKE PREDICTION USING THE SUPPORT VECTOR MACHINE (SVM) METHOD","10.35957/jatisi.v11i3.8044","article","yes","yes","stroke","yes"
"112","https://link.springer.com/article/10.1007/s10462-024-10822-2","Integrating metaheuristics and artificial intelligence for healthcare: basics, challenging and future directions","10.1007/s10462-024-10822-2","article","yes","yes","stroke","yes"
"113","https://id.elsevier.com/as/authorization.oauth2?platSite=SD%2Fscience&additionalPlatSites=GH%2Fgeneralhospital%2CMDY%2Fmendeley%2CSC%2Fscopus%2CRX%2Freaxys&scope=openid%20email%20profile%20els_auth_info%20els_idp_info%20els_idp_analytics_attrs%20urn%3Acom%3Aelsevier%3Aidp%3Apolicy%3Aproduct%3Ainst_assoc&response_type=code&redirect_uri=https%3A%2F%2Fwww.sciencedirect.com%2Fuser%2Fidentity%2Flanding&authType=SINGLE_SIGN_IN&prompt=none&client_id=SDFE-v4&state=retryCounter%3D0%26csrfToken%3D07d0037e-2098-4f72-bac6-fc89a0151ca4%26idpPolicy%3Durn%253Acom%253Aelsevier%253Aidp%253Apolicy%253Aproduct%253Ainst_assoc%26returnUrl%3D%252Fscience%252Farticle%252Fpii%252FS2352648325000558%26prompt%3Dnone%26cid%3Darp-09ca96dc-75de-48e1-be5f-2b387d7c4440","Privacy-enhanced heart stroke detection using Federated Learning and Homomorphic Encryption","10.1016/j.smhl.2025.100594","article","yes","yes","stroke","yes"
"114","https://pdfs.semanticscholar.org/55b9/e7eae3e10a09b2df45f95bdeab8f90b4f5f2.pdf","AN ANALYSIS OF BRAIN STROKE PREDICTION USING MACHINE LEARNING","na","article","yes","yes","stroke","yes"
"115","https://assets.cureusjournals.com/artifacts/upload/original_article/pdf/2268/20241205-264152-qgeabf.pdf","Enhancing Stroke Prediction Using LightGBM With SMOTE-ENN and Fine-Tuning: A Comprehensive Analysis","10.7759/s44389-02402268-y","article","yes","yes","stroke","yes"
"116","https://iopscience.iop.org/article/10.1088/2631-8695/adad3a/meta","Robust classification model for identifying stroke patients utilising a machine learning-based ensemble stacking method","10.1088/2631-8695/adad3a","article","yes","yes","stroke","yes"
"117","https://jurnal.fikom.umi.ac.id/index.php/ILKOM/article/view/1252","Analysis of Stroke Classification Using Random Forest Method","10.33096/ilkom.v14i3.1252.186-193","article","yes","yes","stroke","yes"
"118","https://journals.ntu.edu.iq/index.php/NTU-JET/article/view/1172","Early Prediction of Stroke Risk Using Machine Learning Approaches and Imbalanced Data","10.56286/1vf19469","article","yes","yes","stroke","yes"
"119","https://iuojs.intimal.edu.my/index.php/intijournal/article/view/120","Predictive Modelling of Stroke Occurrence among Patients using Machine Learning","na","article","yes","yes","stroke","yes"
"120","https://www.nature.com/articles/s41598-024-73570-x","An intelligent learning system based on electronic health records for unbiased stroke prediction","10.1038/s41598-024-73570-x","article","yes","yes","stroke","yes"
"121","https://www.mdpi.com/2075-4418/14/22/2514","Explainable and Interpretable Model for the Early Detection of Brain Stroke Using Optimized Boosting Algorithms","10.3390/diagnostics14222514","article","yes","yes","stroke","yes"
"122","https://hspublishing.org/JRECS/article/view/372","Stroke Prediction Using Machine Learning","na","article","yes","yes","stroke","yes"
"123","https://etasr.com/index.php/ETASR/article/view/10292","A Robust Methodology for Stroke Disease Prediction using a Hard Voting Classifier","10.48084/etasr.10292","article","yes","yes","stroke","yes"
"124","https://www.mdpi.com/2813-2203/2/3/34","Prediction of Stroke Disease with Demographic and Behavioural Data Using Random Forest Algorithm","10.3390/analytics2030034","article","yes","yes","stroke","yes"
"125","https://link.springer.com/article/10.1007/s12599-024-00922-2","Challenging the Performance-Interpretability Trade-Off: An Evaluation of Interpretable Machine Learning Models","10.1007/s12599-024-00922-2","article","yes","yes","stroke","yes"
"126","https://www.mdpi.com/1424-8220/22/22/8615","A Catalogue of Machine Learning Algorithms for Healthcare Risk Predictions","10.3390/s22228615","article","yes","yes","stroke","yes"
"127","https://www.researchgate.net/profile/Tanvir-Ahammad/publication/362438661_Risk_factors_identification_for_stroke_prognosis_using_machine_learning_algorithms/links/63248a12071ea12e363a6ebb/Risk-factor-identification-for-stroke-prognosis-using-machine-learning-algorithms.pdf","Risk factor identification for stroke prognosis using machine-learning algorithms","10.5455/jjcit.71-1652725746","article","yes","yes","stroke","yes"
"128","https://www.mdpi.com/2079-9292/14/10/2011","Defending Federated Learning from Collaborative Poisoning Attacks: A Clique-Based Detection Framework","10.3390/electronics14102011","article","yes","yes","stroke","yes"
"129","https://www.mdpi.com/2306-5729/10/4/54","A Partition-Based Hybrid Algorithm for Effective Imbalanced Classification","10.3390/data10040054","article","yes","yes","stroke","yes"
"130","https://peerj.com/articles/cs-1684/","RDET stacking classifier: a novel machine learning based approach for stroke prediction using imbalance data","10.7717/peerj-cs.1684","article","yes","yes","stroke","yes"
"131","https://www.nature.com/articles/s41598-024-82838-1","SRADHO: statistical reduction approach with deep hyper optimization for disease classification using artificial intelligence","10.1038/s41598-024-82838-1","article","yes","yes","stroke","yes"
"132","https://www.spiedigitallibrary.org/conference-proceedings-of-spie/12454/1245420/Stroke-prediction-based-on-improved-machine-learning-algorithm/10.1117/12.2659156.short","Stroke prediction based on improved machine learning algorithm","10.1117/12.2659156","article","yes","yes","stroke","yes"
"133","https://journals.sagepub.com/doi/full/10.3233/WEB-230248","A framework of Polar CanisFel optimization-based deep ensemble classifier with graph embedding for imbalanced data classification","10.3233/WEB-230248","article","yes","yes","stroke","yes"
"134","https://www.davidpublisher.com/Public/uploads/Contribute/61d510ca673c3.pdf","Stroke Prediction","10.17265/2159-5275/2021.06.004 ","article","yes","yes","stroke","yes"
"135","https://www.researchgate.net/profile/Samaa-Ahmed-5/publication/366757731_A_Machine_Learning_Ensemble_Classifier_for_Prediction_of_Brain_Strokes/links/64a2ea348de7ed28ba71dd15/A-Machine-Learning-Ensemble-Classifier-for-Prediction-of-Brain-Strokes.pdf","A Machine Learning Ensemble Classifier for Prediction of Brain Strokes","10.14569/IJACSA.2022.0131232","article","yes","yes","stroke","yes"
"136","https://dergipark.org.tr/en/pub/bitlisfen/article/1539189","Detection of Stroke (Cerebrovascular Accident) Using Machine Learning Methods","10.17798/bitlisfen.1539189","article","yes","yes","stroke","yes"
"137","https://mail.etasr.com/index.php/ETASR/article/view/9031","An Intuitive Approach on Transfer Learning with an IBF+IHP Model for Stroke Classification and Prediction","10.48084/etasr.9031","article","yes","yes","stroke","yes"
"138","https://pubs.aip.org/aip/acp/article/3302/1/050006/3339794/K-Prototype-algorithm-to-identify-the","K-Prototype algorithm to identify the characteristic of stroke patients","10.1063/5.0262464","article","yes","yes","stroke","yes"
"139","https://ieeexplore.ieee.org/abstract/document/10114402/","Ask Your Data—Supporting Data Science Processes by Combining AutoML and Conversational Interfaces","10.1109/ACCESS.2023.3272503","article","yes","yes","stroke","yes"
"140","https://www.researchgate.net/profile/Krishnaraj-Chadaga/publication/372826826_Multiple_Explainable_Approaches_to_Predict_the_Risk_of_Stroke_Using_Artificial_Intelligence/links/64c9b991a349403db41b38ad/Multiple-Explainable-Approaches-to-Predict-the-Risk-of-Stroke-Using-Artificial-Intelligence.pdf","Multiple Explainable Approaches to Predict the Risk of Stroke Using Artificial Intelligence","10.3390/info14080435","article","yes","yes","stroke","yes"
"141","https://www.mdpi.com/2075-4418/14/2/128","An Interpretable Approach with Explainable AI for Heart Stroke Prediction","10.3390/diagnostics14020128","article","yes","yes","stroke","yes"
"142","https://www.sciencedirect.com/science/article/pii/S1875213625003201","Machine learning approaches for cardiovascular disease prediction: A review","10.1016/j.acvd.2025.04.055","article","yes","yes","stroke","yes"
"143","https://www.sciencedirect.com/science/article/pii/S2352914825000528","Revolutionizing heart attack prognosis: Introducing an innovative regression model for prediction","10.1016/j.imu.2025.101664","article","yes","yes","stroke","yes"
"144","https://www.tandfonline.com/doi/full/10.1080/08839514.2022.2151179","Genetic Folding (GF) Algorithm with Minimal Kernel Operators to Predict Stroke Patients","10.1080/08839514.2022.2151179","article","yes","yes","stroke","yes"
"145","https://journals.plos.org/plosone/article?id=10.1371/journal.pone.0312914#sec046","Enhancing stroke disease classification through machine learning models via a novel voting system by feature selection techniques","10.1371/journal.pone.0312914","article","yes","yes","stroke","yes"
"146","https://www.mdpi.com/2571-5577/7/4/54","Towards Unlocking the Hidden Potentials of the Data-Centric AI Paradigm in the Modern Era","10.3390/asi7040054","article","yes","yes","stroke","yes"
"147","https://ieeexplore.ieee.org/abstract/document/10494753/","An Improved Concatenation of Deep Learning Models for Predicting and Interpreting Ischemic Stroke","10.1109/ACCESS.2024.3386220","article","yes","yes","stroke","yes"
"148","https://onlinelibrary.wiley.com/doi/full/10.1155/2021/7633381","Stroke Disease Detection and Prediction Using Robust Learning Approaches","10.1155/2021/7633381","article","yes","yes","stroke","yes"
"149","https://www.cureusjournals.com/articles/6211-detecting-brain-stroke-using-enhanced-ensemble-models-in-data-driven-healthcare-systems-for-the-future-factories.pdf","Detecting Brain Stroke Using Enhanced Ensemble Models in Data-Driven Healthcare Systems for the Future Factories","10.7759/s44389-025-06211-7","article","yes","yes","stroke","yes"
"150","https://scientifica.umyu.edu.ng/index.php/scientifica/article/view/95","Comparative analysis of resampling algorithms in the prediction of stroke diseases","10.56919/usci.2123.011","article","yes","yes","stroke","yes"
"151","https://www.universepg.com/public/img/storage/journal-pdf/Effective%20stroke%20prediction%20using%20machine%20learning%20algorithms.pdf","Effective Stroke Prediction using Machine Learning Algorithms ","10.34104/ajeit.024.026036","article","yes","yes","stroke","yes"
"152","https://iopscience.iop.org/article/10.1088/1742-6596/2560/1/012051/meta","Stroke Prediction Using the Trust Evaluation with Data Leakage Avoiding","10.1088/1742-6596/2560/1/012051","article","yes","yes","stroke","yes"
"153","https://link.springer.com/article/10.1007/s41870-023-01418-0","Brain stroke prediction model based on boosting and stacking ensemble approach","10.1007/s41870-023-01418-0","article","yes","yes","stroke","yes"
