type,title,doi,5a,5b,6a,7,8a,9a,9b,10,11,cpm_type,first_auth_country,ethics,helsinki,practical use,other comments
data,stroke prediction dataset,na,no,no,no,no,no,no,no,no,no,na,na,na,na,"(Confidential Source) - Use only for educational purposes If you use this dataset in your research, plrease credit the author.",na
data,diabetes prediction dataset,na,no,no,no,no,no,no,no,no,no,na,na,na,na,The dataset can also be used for research purposes to identify potential risk factors for diabetes and to develop effective prevention and treatment strategies.,na
diabetes,Stacking with Recursive Feature Elimination-Isolation Forest for classification of diabetes mellitus,10.1371/journal.pone.0302595,no,no,no,no,no,no,no,no,yes,development,Malaysia,no statement,no statement,This study envisions SRFEI becoming a high-performing solution for various practical applications in diabetes.,The study also used another dataset the PIMA Indians diabetes dataset. The diabetes dataset was not the primary dataset used.
diabetes,Towards a Stacking Ensemble Model for Predicting Diabetes Mellitus using Combination of Machine Learning Techniques,10.14569/IJACSA.2023.0141236,no,no,no,no,no,no,no,no,no,development,Saudi Arabia,no statement,no statement,"As recommendations, our stacking model can be applied in a diagnostic application for diabetes mellitus; in addition, it can be tested on a new huge and diverse dataset to obtain more accurate results. Moreover, we can use deep-learning models to generate new patterns that help us diagnose DM robustly, which also can happen with different types of diabetes, such as type 1 and type 2 diabetes and gestational diabetes.",The study used another dataset the PIMA indians dataset as the primary dataset and validated the model on the diabetes prediction dataset
diabetes,PPVFL-SplitNN: Privacy-Preserving Vertical Federated Learning with Split Neural Networks for Distributed Patient Data,10.5220/0013445300003979,na,na,na,na,na,na,na,na,na,na,Australia,no statement,no statement,na,not a clinical prediction model study
diabetes,A novel approach for assessing fairness in deployed machine learning algorithms,10.1038/s41598-024-68651-w,na,na,na,na,na,na,na,na,na,na,Australia,no statement,no statement,na,not a clinical prediction model study
diabetes,Modelo predictivo de diabetes utilizando el proceso CRISP-DM para la prevención de la enfermedad implementando Machine Learning,10.17981/cesta.04.02.2023.02,no,no,no,no,no,yes,no,no,no,development,Colombia,no statement,no statement,There was no clear talk of any practical use of this model.,na
diabetes,Integrated bagging-RF learning model for diabetes diagnosis in middle-aged and elderly population,10.7717/peerj-cs.2436,no,no,no,yes,no,no,no,no,no,development,China,no statement,no statement,"The results of this study will not only help individuals receive the necessary medical interventions in a timely manner to reduce the incidence of diabetes mellitus and its complications, but will also have a significant impact on the health and quality of life of the entire middle-aged and elderly population.",na
diabetes,AN ALTERNATIVE PARAMETER FREE CLUSTERING ALGORITHM USING DATA POINT POSITIONING ANALYSIS (DPPA)– COMPARISON WITH DBSCAN,10.24507/ijicic.19.06.1805,na,na,na,na,na,na,na,na,na,na,Dubai,no statement,no statement,na,not a clinical prediction model study
diabetes,Performance Evaluation of Supervised Machine Learning Classifiers for Type 2 Diabetes Mellitus Prediction,10.34248/bsengineering.1618267,no,no,no,yes,no,no,no,no,no,development,Turkey,statement not needed,no statement,The study suggests that ML-based classifiers offer a reliable approach for accurately predicting T2DM and supporting medical professionals in clinical decision-making.,This article specifically was looking at developing a prediction model for type 2 diabetes
diabetes,DimBridge: Interactive Explanation of Visual Patterns in Dimensionality Reductions with Predicate Logic,10.1109/TVCG.2024.3456391,na,na,na,na,na,na,na,na,na,na,United States of America,no statement,no statement,na,This study was not developing a prediction model.
diabetes,Comparison of Neural Network Architectures for Diabetes Prediction,10.1016/j.procs.2025.02.198,na,na,na,na,na,na,na,na,na,na,Portugal,no statement,no statement,There was no clear talk of any practical use of this model.,is a conference paper
diabetes,PERFORMANCE EVALUATION OF SUPERVISED MACHINE LEARNING CLASSIFIERS FOR TYPE 2 DIABETES MELLITUS PREDICTION,10.34248/bsengineering.1618267 ,na,na,na,na,na,na,na,na,na,na,na,na,na,na,duplicate
diabetes,Diabetes Risk Prediction Model Based on Improved XGBoost with Genetic Algorithm,10.1145/3727993.372805,no,no,no,yes,no,no,no,no,no,development,China,no statement,no statement,There was no clear talk of any practical use of this model.,Conclusions talked about the model was predicting the onset of diabetes.
diabetes,Comparing User Interface Designs for Explainable Artificial Intelligence ,na,na,na,na,na,na,na,na,na,na,na,United Kingdom,no statement,no statement,na,not a clinical prediction model study
diabetes,Enhancing Healthcare: Machine Learning for Diabetes Prediction and Retinopathy Risk Evaluation,10.14569/IJACSA.2024.0150703,no,no,no,yes,no,no,no,no,no,development,Lebanon,no statement,no statement,"This research provides a scalable and effective tool for diabetes and retinopathy risk evaluation, contributing significantly to the field by offering broader practical implications for healthcare providers. Thus, this study proposes an automatic diabetes prediction system that can be deployed on a website and an Android smartphone application using the XGBoost machine learning framework.",In the conclusions the authors talk as if a website has been produced for the prediction model but has not reference to a website and is unclear if it has been used in practice.
diabetes,Effective Diabetes Prediction using an IoT-based Integrated Ensemble Machine Learning Framework,10.48084/etasr.8869,no,no,no,no,no,no,no,no,no,development,India,no statement,no statement,"ML algorithms can provide real-time feedback and decision support to patients and healthcare providers, helping them make informed decisions about insulin dosages, diet, exercise, and medication adjustments.",na
diabetes,SOL-AUTOCLUST: A SMART ONLINE-LEARNING AUTOMATED CLUSTERING FRAMEWORK,na,na,na,na,na,na,na,na,na,na,na,Egpyt,no statement,no statement,na,not a clinical prediction model study
diabetes,Prediction of diabetes using hybrid support vector machines with Artificial Bee Colony,10.1007/s13410-025-01478-x,no,no,no,no,no,no,no,no,no,validation,Algeria,statement not needed,no statement,"A prospective study in real-world clinical settings is essential to assess its role in identifying at-risk patients, guiding treatment decisions, and reducing misdiagnoses. Additionally, evaluating the model’s performance alongside existing clinical tools will provide valuable insights into its potential for integration into current healthcare workflows, ensuring its practical application in enhancing patient outcome.",This study did develop a clinical prediction model but used the dataset as validation dataset.
diabetes,Hi-Le and HiTCLe: Ensemble Learning Approaches for Early Diabetes Detection Using Deep Learning and Explainable Artificial Intelligence,10.1109/ACCESS.2024.3398198,no,no,no,yes,no,no,no,no,no,development,Pakistan,no statement,no statement,Our study advances the state-of-the-art in diabetes prediction by introducing these novel methodologies and demonstrating their superior performance. Also by providing insightful information and practical solutions for enhancing healthcare outcomes.,na
diabetes,A Machine Learning-Based Prediction Study for Type 2 Diabetic Mellitus,10.61173/zr192s24,no,no,no,yes,no,no,no,no,no,development,China,no statement,no statement,"In conclusion, the logistic regression model has a strong overall prediction ability, which can effectively and accurately achieve T2DM prediction and early screening, so that the risk population can receive early prevention and treatment, so as to reduce the incidence of diabetes. In addition, more targeted personalized treatment programs can be developed to reduce unnecessary medical costs and ultimately achieve accurate treatment of T2DM.",The study specifically looked predicting type 2 diabetes
diabetes,"Formulation of a Multi-Disease Comorbidity Prediction Framework: A Data-Driven Case Analysis on of Diabetes, Hypertension, and Cardiovascular Risk Trajectories",10.32996/jcsts.2023.5.3.12,no,no,no,yes,no,no,no,no,no,development,United States of America,no statement,no statement,"On the whole, the designed framework has shown the potential to serve as a clinical decision support tool, particularly in the setting of resource-limited facilities, wishing to integrate scalable and explainable solutions.",na
diabetes,Leveraging Data Mining Techniques for Presymptomatic Diabetes Likelihood Prediction,na,no,no,no,yes,no,no,no,no,no,development,United Arab Emirates,no statement,no statement,"Through its early detection capabilities, PreDiX can open the door to tailored preventative measures, such as changes to one's lifestyle, which can help reduce the risk of hyperglycemia and its complications. Because of this, PreDiX may help healthcare systems by lowering the demand for intensive medical treatments.",na
diabetes,Integrated Ensemble Model for Diabetes Mellitus Detection,10.14569/IJACSA.2024.0150423,no,no,no,no,no,no,no,no,no,validation,Saudi Arabia,no statement,no statement,"As a recommendation, our stacking model holds potential for deployment in diagnostic applications for diabetes mellitus.",na
diabetes,Advancing Diabetes Prediction: A Nuanced Six-Class Classification System and Risk Factor Interactions Investigation,10.2991/978-94-6463-300-9_71,no,no,no,no,no,no,no,no,no,validation,Saudi Arabia,no statement,no statement,na,Paper looks very similar to other ones by same authour
diabetes,Adaptive Federated Learning With Reinforcement Learning-Based Client Selection for Heterogeneous Environments,10.1109/ACCESS.2025.3591699,na,na,na,na,na,na,na,na,na,na,Bangladesh,no statement,no statement,na,not a clinical prediction model study
diabetes,Analyzing classification and feature selection strategies for diabetes prediction across diverse diabetes datasets,10.3389/frai.2024.1421751,no,no,no,no,no,no,no,no,no,na,India,no statement,no statement,na,not a clinical prediction model study
diabetes,Principal component analysis implementation on machine learning in diabetes classification,na,no,no,no,yes,no,no,no,no,no,na,Indonesia,no statement,no statement,na,not a clinical prediction model study
diabetes,Prediction of Type-II Diabetic through Blockchain Technology,10.17485/IJST/v18i15.3423,no,no,no,yes,no,no,no,no,no,development,India,no statement,no statement,From the above work it is concluded that the present work is related to the application of blockchain technology in revolutionizing diabetes prediction.,article was directly predicting type 2 diabetes
diabetes,Predicting Diabetes Mellitus with Machine Learning Techniques,10.58564/IJSER.4.2.2025.315,no,no,no,yes,no,no,no,no,no,development,Iraq,no statement,no statement,na,na
diabetes,An effective PO-RSNN and FZCIS based diabetes prediction and stroke analysis in the metaverse environment,10.1038/s41598-025-96541-2,no,no,no,yes,no,no,no,no,yes,development,India,no statement,no statement,na,paper looks as if it has been written with the use of AI
diabetes,Decentralized and Secure Collaborative Framework for Personalized Diabetes Prediction,10.3390/biomedicines12081916,na,na,na,na,na,na,na,na,na,na,United States of America,no statement,no statement,na,not a clinical prediction model study
diabetes,Development of Diabetes Diagnosis Tool Using Machine Learning,10.30880/eeee.2024.05.01.001,no,no,no,yes,no,no,no,no,yes,development,Malaysia,no statement,no statement,"In conclusion, this work successfully achieved its objectives of diabetes prediction using machine learning techniques, developing a graphical user interface simulation, and evaluating the prediction model based on accuracy. The work contributes to the field of healthcare by providing a reliable and user- friendly tool for early diabetes detection, potentially leading to improved patient care and management.",An windowed interface was produced for users to get predictions
diabetes,A predictive machine learning framework for diabetes,10.31127/tuje.1434305,no,no,no,yes,no,no,no,no,no,development,Nigeria,no statement,no statement,The model is intended to aid medical practitioners in the diagnostic process of diabetes.,na
diabetes,Data to Diagnosis: Evaluating Machine Learning Algorithms for Predictive Healthcare in Diabetes,10.21015/vtse.v13i3.2141,no,no,no,yes,no,no,no,no,no,development,Saudi Arabia,statement of ethics,no statement,"These algorithms can serve as helpful decision aids to support healthcare workers in the early detection of diabetes, particularly in resource-limited settings. For example, by incorporating predictive models into electronic health record (EHR) systems, warnings might be triggered when a patient’s demographic and clinical information indicate an increased risk of diabetes.",Ethics mentioned that informed conset was obtained from all individual participants in the study.
stroke,PREDICTIVE MODELING OF STROKE OCCURRENCE USING PYTHON FOR IMPROVED RISK ASSESSMENT,10.5937/jpmnt12-50921,no,no,no,yes,no,no,no,no,yes,development,Serbia,no statement,no statement,"By helping healthcare professionals identify and intervene early, the created model can improve patient outcomes and lessen the burden of stroke-related morbidity and mortality. Ideally, the treating physician could predict the outcome under different circumstances beforehand and thus make an informed treatment decision",Article called the dataset a survey of stroke patients
stroke,A-Tuning Ensemble Machine Learning Technique for Cerebral Stroke Prediction,10.3390/app13085047,no,no,no,yes,no,no,no,no,yes,development,Saudi Arabia,no statement,no statement,na,"Possible AI written text with quotes including ""The proposed approach presents great significance in addressing the risk of stroke since individuals experiencing memory impairments face challenges in cognitive functioning and decision-making abilities in asocial context."""
stroke,"Enhancing accuracy in brain stroke detection: Multi-layer perceptron with Adadelta, RMSProp and AdaMax optimizers",10.3389/fbioe.2023.1257591,no,no,no,yes,no,no,no,no,yes,development,India,no statement,no statement,"The aim of the proposed model is to raise the standard of stroke diagnosis, enabling doctors to identify stroke quickly and reliably and to begin the appropriate treatment as soon as feasible.",na
stroke,Early Prediction of Stroke Based on Deep and Machine Learning by Applying Medical Imaging and Tabular Data,10.18280/mmep.111228,no,no,no,yes,no,no,no,no,no,development,Iraq,no statement,no statement,na,"Typos or weird phrasing in the text "" The data set approved in this work consists of 5110 rows, and of these rows, 4861 of them are for cases that do not suffer from stroke, while 249 are aunts, and this represents an imbalance in the data."""
stroke,Heart disease severity level identification system on Hyperledger consortium network,10.7717/peerj-cs.1626,no,no,no,no,no,no,no,no,no,development,India,no statement,no statement,na,This article uses multiple different datasets to predict heart disease. The stroke dataset is one used to predict heart disease
stroke,A Comprehensive Survey on Rare Event Prediction,10.1145/3699955,na,na,na,na,na,na,na,na,na,na,United States of America,no statement,no statement,na,not a clinical prediction model study
stroke,XAutoML: A Visual Analytics Tool for Understanding and Validating Automated Machine Learning,10.1145/3625240,na,na,na,na,na,na,na,na,na,na,Germany,no statement,no statement,na,not a clinical prediction model study
stroke,A comprehensive explainable AI approach for enhancing transparency and interpretability in stroke prediction,10.1038/s41598-025-11263-9,no,no,no,yes,no,no,no,no,yes,development,Egypt,no statement,no statement,"Given the absence of external validation or real-world testing, our model is not yet suitable for clinical deployment.",Had mention that it should not be used in practice
stroke,A framework of Polar CanisFel optimization-based deep ensemble classifier with graph embedding for imbalanced data classification,10.3233/WEB-230248,na,na,na,na,na,na,na,na,na,na,India,no statement,no statement,na,not a clinical prediction model study
stroke,An Intuitive Approach on Transfer Learning with an IBF+IHP Model for Stroke Classification and Prediction,10.48084/etasr.9031,no,no,no,no,no,no,no,no,no,development,India,no statement,no statement,"Further innovation and collaboration should further refine and validate the proposed model for deployment in clinical settings, ultimately improving patient outcomes and advancing the field of precision medicine.",na
stroke,Stroke Prediction Using Machine Learning Method with Extreme Gradient Boosting Algorithm,10.30812/matrik.v21i3.1666,no,no,no,yes,no,no,no,no,yes,development,Indonesia,no statement,no statement,na,na
stroke,Crunch Mode: Make Early Predictions about Risk of Stroke Using Machine Learning,10.56977/jicce.2025.23.1.17,no,no,no,yes,no,no,no,no,yes,development,Republic of Korea,no statement,no statement,This will not only help to improve the quality of prediction but also support the development of more effective medical interventions and preventive measures to protect public health.,na
stroke,Predicting Stroke Risk with Machine Learning and Hyperparameter Optimization,10.31466/kfbd.1538305,no,no,no,yes,no,no,no,no,yes,development,Turkey,statement complies with ethics,no statement,"The findings offer a valuable foundation for developing real-time, ML-based stroke screening systems in healthcare settings.",na
stroke,Comparative analysis of resampling algorithms in the prediction of stroke diseases,10.56919/usci.2123.011,no,no,no,yes,no,no,no,no,yes,development,Nigeria,no statement,no statement,na,The article primarily was comparing resampling techniques but did develop a prediction model
stroke,Early Prediction of Stroke Risk Using Machine Learning Approaches and Imbalanced Data,10.56286/1vf19469,no,no,no,yes,no,no,no,no,no,development,Iraq,no statement,no statement,"Moreover, KNN model showed high prediction speed and low training time, making it suitable for medical data classification.",na
stroke,Adversarial Examples on XAI-Enabled DT for Smart Healthcare Systems,10.3390/s24216891,na,na,na,na,na,na,na,na,na,na,Saudi Arabia,no statement,no statement,na,not a clinical prediction model study
stroke,"Re-configurable, expandable, and cost-effective heterogeneous FPGA cluster approach for resource-constrained data analysis",10.1080/17445760.2022.2085703,na,na,na,na,na,na,na,na,na,na,United States of America,no statement,no statement,na,not a clinical prediction model study
stroke,Missing Value Imputation Methods for Electronic Health Records,10.1109/ACCESS.2023.3251919,na,na,na,na,na,na,na,na,na,na,Greece,no statement,no statement,na,not a clinical prediction model study
stroke,An Optimization Precise Model of Stroke Data to Improve Stroke Prediction,10.3390/a16090417,no,no,no,yes,no,no,no,no,yes,development,Bulgaria,no statement,no statement,These models can help identify individuals at high risk of stroke and enable targeted interventions to prevent or manage stroke. Further research is needed to refine and validate these models for widespread use in clinical settings.,na
stroke,The Early Warning Signs of a Stroke: An Approach Using Machine Learning Predictions,10.4236/jcc.2024.126005 ,no,no,no,yes,no,no,no,no,yes,development,Libyra,no statement,no statement,"The research indicates that GXboost could be a valuable tool for early stroke prediction, which could ultimately improve the chances of survival and recovery for stroke patients.",na
stroke,"Integrating metaheuristics and artificial intelligence for healthcare: basics, challenging and future directions",10.1007/s10462-024-10822-2,na,na,na,na,na,na,na,na,na,na,Egypt,no statement,no statement,na,not a clinical prediction model study
stroke,"Performance of Machine Learning Algorithms for Heart Disease Prediction: Logistic Regressions Regularized by Elastic Net,  SVM, Random Forests, and Neural Networks",na,no,no,no,yes,no,no,no,no,yes,development,United States of America,no statement,no statement,"As such a model is not clinically useful nor relevant for medical prognostic purposes, it necessitates balancing the dataset prior to analyses.",The article used the stroke prediction dataset to predict heart disease which is a predictor in the dataset
stroke,Predictive Modelling of Stroke Occurrence among Patients using Machine Learning,10.61453/intij.202355,no,no,no,yes,no,no,no,no,yes,development,Malaysia,no statement,no statement,"Now that the models are in place, clinical practitioners, medical specialists, and decision-makers can utilize them to identify the most relevant factors associated with the incidence of strokes and assess the associated likelihood or risk.",na
stroke,Enhancing stroke prediction models: A mixing of data augmentation and transfer learning for small-scale dataset in machine learning,10.1016/j.cmpbup.2025.100198,no,no,no,no,no,no,no,no,no,development,Indonesia,statement that ethics was approved,no statement,"Therefore, the quality of medical treatment for stroke patients at RSUD Banyumas is expected to improve, and the mortality rate caused by stroke will decrease.",The article directly used the prediction model to predict the risk of stroke when discharged from hospital
stroke,Hybrid Features Binary Classification of Imbalance Stroke Patients Using Different Machine Learning Algorithms,10.46300/91011.2022.16.20,no,no,no,no,no,no,no,no,yes,development,Pakistan,no statement,no statement,na,na
stroke,Defending Federated Learning from Collaborative Poisoning Attacks: A Clique-Based Detection Framework,10.3390/electronics14102011,na,na,na,na,na,na,na,na,na,na,Greece,no statement,no statement,na,not a clinical prediction model study
stroke,Privacy-enhanced heart stroke detection using Federated Learning and Homomorphic Encryption,10.1016/j.smhl.2025.100594,no,no,no,yes,no,no,no,no,no,development,India,statement that ethics was not applicable,no statement,"The implications of these findings are highly relevant for real-world healthcare systems. By facilitating early and accurate heart stroke detection, this approach has the potential to support timely clinical decisions and reduce stroke-related mortality.",uses the stroke prediction dataset but the main outcome is heart stroke which is not the outcome of the dataset
stroke,Detection of Stroke (Cerebrovascular Accident) Using Machine Learning Methods,10.17798/bitlisfen.1539189,no,no,no,no,no,no,no,no,no,development,Turkey,statement that it complied with research and publication ethics,no statement,Efforts should be made to integrate these predictive models into clinical decision support systems to assist healthcare professionals in early stroke detection and management. Providing user-friendly interfaces and decision aids will enhance the practical utility of these models.,
stroke,Stroke Prediction Using Machine Learning,na,no,no,no,yes,no,no,no,no,yes,development,United States of America,no statement,no statement,"The stroke prediction model was deployed on a Shiny app to enhance accessibility and usability. Utilizing Shiny, a R package, an interactive web application was created directly from R scripts. This interactive platform is a tangible outcome of the research, bringing the benefits of predictive analytics directly to end-users and reinforcing the potential impact of data science in the healthcare domain.",A shiny app was developed and this model may have been used in practice
stroke,Unlocking the power of optimized data balancing ratios: a new frontier in tackling imbalanced datasets,10.1007/s11227-025-06919-2,na,na,na,na,na,na,na,na,na,na,Turkey,statement ethics was not required,no statement,na,not a clinical prediction model study
stroke,Accuracy-Fairness Trade-Off in ML for Healthcare: A Quantitative Evaluation of Bias Mitigation Strategies,10.2139/ssrn.5247731,na,na,na,na,na,na,na,na,na,na,Canada,no statement,no statement,na,not a research article
stroke,AN ANALYSIS OF BRAIN STROKE PREDICTION USING MACHINE LEARNING,10.61841/turcomat.v11i3.14508,no,no,no,no,no,no,no,no,no,unsure,India,no statement,no statement,"Thus, the Brain Stroke Prediction system has been implemented using the given 5 Machine Learning algorithm given a highest accuracy of 98.56%. The system is therefore designed providing simple yet efficient User Interface design with an empathetic approach towards their users and patients. The system has a potential for future scope which could lead to better results a better user experience. This will help the user to save their valuable time and will help them to take appropriate measures based on the results provided.",Error in reporting the authors mentione 73% training dataset and 37% testing dataset which is 110%. May or may not be a clinical prediction model study
stroke,Design and Development of Modified Ensemble Learning with Weighted RBM Features for Enhanced Multi-disease Prediction Model,10.1007/s00354-022-00190-2,no,no,no,yes,no,no,no,no,yes,development,India,no statement,no statement,na,The article developed one clinical prediction model using multiple different disease datasets. 
stroke,Stroke Prediction Using the Trust Evaluation with Data Leakage Avoiding,10.1088/1742-6596/2560/1/012051,yes,no,yes,yes,no,no,no,no,yes,development,China,no statement,no statement,na,The article mentions the data comes from bangladesh clinics.
stroke,A Novel Explainable Attention-Based Meta-Learning Framework for Imbalanced Brain Stroke Prediction,10.3390/s25061739,no,no,no,yes,no,no,no,no,yes,development,Saudi Arabia,no statement,no statement,na,Article did mention that more work is needed before any practical application
stroke,Unlocking stroke prediction: Harnessing projection-based statistical feature extraction with ML algorithms,10.1016/j.heliyon.2024.e27411 ,no,no,no,yes,no,no,no,no,yes,development,Bangladesh,statement that ethical approval is not required,no statement,"In order to implement the trained random forest classification model, a web application and flask application are developed. An application to facilitate efficient and rapid detection of this disease for healthcare professionals will be developed in the area of further research.",Article mentions that a web based prediction tool was developed and implemented
stroke,SRADHO: statistical reduction approach with deep hyper optimization for disease classification using artificial intelligence,10.1038/s41598-024-82838-1,na,na,na,na,na,na,na,na,na,na,na,na,na,na,does not use data
stroke,Logistic Regression for Stroke Prediction: An Evaluation of its Accuracy and Validity ,10.54097/hset.v39i.6712,no,no,no,yes,no,no,no,no,no,development,China,no statement,no statement,"These findings suggest that this approach may be useful in identifying individuals at high risk for stroke, and could potentially be used in clinical settings to guide preventative measures.","Problematic issues like changing data without logical reason. ""from unkown"" to ""never_smoked"", as it is unlikely that these individuals have smoked""."
stroke,Tools for Healthcare Data Lake Infrastructure Benchmarking,10.1007/s10796-023-10468-5,na,na,na,na,na,na,na,na,na,na,Italy,statement that ethics is not applicable,no statement,na,not a clinical prediction model study
stroke,Ask Your Data—Supporting Data Science Processes by Combining AutoML and Conversational Interfaces,10.1109/ACCESS.2023.3272503,na,na,na,na,na,na,na,na,na,na,na,na,na,na,not a clinical prediction model study
stroke,An Efficient Hybrid Model Based on Modified Whale Optimization Algorithm and Multilayer Perceptron Neural Network for Medical Classification Problems,10.1007/s42235-022-00216-x,na,na,na,na,na,na,na,na,na,na,Iran,na,na,na,not a clinical prediction model study
stroke,Optimizing Accuracy of Stroke Prediction Using Logistic Regression,10.37802/joti.v4i2.278,no,no,no,yes,no,no,no,no,yes,development,Iraq,no statement,no statement,"Results indicate that, in comparison to the other five LR based model, our model can be a useful tool for predicting the occurrence of stroke with the accuracy of 0.86 percent, an AUC of 0.93 percent and an F-measure of 0.87 percent, the model can distinguish itself from other models and outperforms the other methods.",na
stroke,A Review of Machine Learning’s Role in Cardiovascular Disease Prediction: Recent Advances and Future Challenges,10.3390/a17020078,na,na,na,na,na,na,na,na,na,na,na,na,na,na,not a clinical prediction model study but is a review study including the dataset
stroke,Stroke Risk Factor Prediction Using Machine Learning Techniques: A Systematic Review,10.3923/jas.2024.1.15,na,na,na,na,na,na,na,na,na,na,United States of America,no statement,no statement,na,not a clinical prediction model study but is a review study including the dataset
stroke,Enhanced Stroke Risk Prediction: A Fusion of Machine Learning Models for Improved Healthcare Strategies,10.1007/s42979-024-03389-w,yes,no,yes,yes,no,no,no,no,no,development,India,no statement,no statement,"XAI makes these complicated models interpretable, helping medical professionals and patients understand the decision-making process and follow personalized healthcare recommendations.",article mentioned that the dataset comes from clinics in bangladesh
stroke,Navigating Heart Stroke Terrain: A Cutting-Edge Feed-Forward Neural Network Expedition,10.47738/jads.v6i3.763,no,no,no,yes,no,no,no,no,no,development,India,no statement,no statement,Collaboration with healthcare professionals to integrate the FFN model into clinical practice for real-time patient risk assessment is crucial. Developing a user-friendly interface for healthcare providers to easily access and interpret model predictions is essential for practical implementation.,na
stroke,Stroke prediction based on improved machine learning algorithm,10.1117/12.2659156,no,no,no,yes,no,no,no,no,no,development,China,no statement,no statement,"For the method of manual data input, users can manually input gender, age, heart disease, married history, type of work, type of residence, average blood glucose level, BMI, smoking status, and adjust the new features constructed in this study.",Article appears to have made a web based application for the prediction model
stroke,Stroke risk prediction using multiple machine learning algorithms,10.1117/12.2673750,no,no,no,yes,no,no,no,no,yes,development,China,no statement,no statement,This machine learning model has excellent clinical potential to function as a more reliable assessment in the future by adding global multicenter data. It has superior clinical potential as a more reliable diagnostic tool to enhance stroke prediction.,na
stroke,AN ANALYSIS OF BRAIN STROKE PREDICTION USING MACHINE LEARNING ,na,na,na,na,na,na,na,na,na,na,na,na,na,na,na,duplicate
stroke,Predicting stroke risk: An effective stroke prediction model based on neural networks,10.1016/j.jnrt.2024.100156,no,no,no,yes,no,no,no,no,yes,development,India,statement that ethics is not applicable,no statement,"The usage of these models in actual clinical settings could also be studied, with an emphasis on creating approachable tools and user interfaces for the prospective adoption of machine learning in stroke prediction.",The article identifies the outcome as a heart stroke not a brain stroke
stroke,"Enhancing Healthcare Insights, Exploring Diverse Use-Cases with K-means Clustering",na,na,na,na,na,na,na,na,na,na,na,na,na,na,na,not a clinical prediction model study
stroke,A Hybrid Machine Learning Approach to Predict the Risk of Having Stroke,10.1145/3542954.3543020,no,no,no,yes,no,no,no,no,yes,development,Bangladesh,no statement,no statement,The essential intent of this research was to develop the flow work with an inventive and novel method of building the model and to make the model valuable and effectively implementable in viable settings.,na
stroke,Harnessing the hybrid machine learning methods for stroke risk classification,10.1080/10255842.2025.2501636,no,no,no,yes,no,no,no,no,no,development,China,no statement,no statement,na,na
stroke,Comparative Evaluation of Machine Learning Models for Stroke Prediction in Clinical Settings,10.37256/ccds.6220256976,no,no,no,yes,no,no,no,no,yes,development,Bangladesh,no statement,no statement,"The study underscores the importance of AI in early stroke detection, offering a reliable and interpretable framework for clinical applications. By leveraging ensemble learning and robust preprocessing techniques, this work contributes to improved diagnostic accuracy, potentially reducing stroke-related morbidity and mortality.","The article does note that the data is not from a peer-reviewed clinical study or government registry and there is a lack of documentation, that it is potentially synthetic or anonymized. Yet talks of practical implications and the potential scope to implement into stroke risk monitoring"
stroke,Fusing Attention and Convolution: A Hybrid Model for Brain Stroke Prediction,10.4108/eetsis.7022,no,no,no,yes,no,no,no,no,no,development,India,no statement,no statement,"Plans include adding more complete patient data and refining the model to achieve even higher precision, which should result in better approaches to stroke treatment and prevention.",na
stroke,A Web-Based Interface That Leverages Machine Learning to Assess an Individual’s Vulnerability to Brain Stroke,10.1109/ACCESS.2025.3566093,no,no,no,yes,no,no,no,no,yes,development,India,no statement,no statement,"In conclusion, this research has successfully developed and tested a fully operational web-based interface designed to assess an individual’s risk of brain stroke, a leading global health concern.",The article has developed a clinical prediction model that is available to be used online https://strokedetection.streamlit.app/
stroke,Efficient healthcare data classification through gazelle-inspired optimization and multimodal deep learning,10.1007/s10115-025-02424-3,na,na,na,na,na,na,na,na,na,na,India,no statement,no statement,na,not a clinical prediction model study
stroke,Brain stroke prediction model based on boosting and stacking ensemble approach,10.1007/s41870-023-01418-0,yes,no,no,yes,no,no,no,no,no,development,India,no statement,no statement,Further extension of this work is open to incorporating the feature selection method to extract more influential factors related to stroke and reach more accurate performance results of this deployed model.,The article says the data comes from prestigious healthcare organizations and institutions like AIMS and WHO
stroke,Enhancing stroke disease classification through machine learning models via a novel voting system by feature selection techniques,10.1371/journal.pone.0312914,no,no,no,no,no,no,no,no,yes,development,China,no statement,no statement,Made recommendations that the model could improve practice and be integrated into clinical workflows,article is retracted
stroke,Stroke Disease Detection and Prediction Using Robust Learning Approaches,10.1155/2021/7633381,no,no,no,yes,no,no,no,no,no,development,Bangladesh,no statement,no statement,"In exchange for just providing some basic information, the machine learning architecture may help the general public in determining the likelihood of a stroke occurring in an adult patient. In an ideal world, it would help patients obtain early treatment for strokes and rebuild their lives after the event.",na
stroke,Brain stroke detection using machine learning,10.1063/5.0241582,na,na,na,na,na,na,na,na,na,na,na,na,na,na,article is a conference paper
stroke,COMPUTATIONAL HEALTH CARE ANALYSIS USING HADOOP – STROKE PREDICTION ,na,no,no,no,no,no,no,no,no,no,development,India,no statement,no statement,"Also, on the professional front, our analysis could provide better insights in getting a step further towards personalised treatment for Stroke and related heart diseases.",na
stroke,A Hybrid Deep Learning Approach for Improved Detection and Prediction of Brain Stroke,10.3390/app15094639,no,no,no,no,no,no,no,no,no,development,India,no statement,no statement,na,article says the data comes from github but references the kaggle website
stroke,Data Balancing Techniques Using the PCA-KMeans and ADASYN for Possible Stroke Disease Cases,10.15575/join.v9i1.1293,na,na,na,na,na,na,na,na,na,na,na,na,na,na,article is not a clinical prediction model study
stroke,Prediction of Stroke Disease Using Deep CNN Based Approach,10.12720/jait.13.6.604-613,no,no,no,yes,no,no,no,no,yes,development,Bangladesh,no statement,no statement,We can use this model to diagnose a patient to determine the possibility of getting a stroke at an early stage.,na
stroke,An Interpretable Approach with Explainable AI for Heart Stroke Prediction,10.3390/diagnostics14020128,no,no,no,yes,no,no,no,no,yes,development,Brazil,no statement,no statement,"Collectively, these techniques contribute to robust, reliable, and more practical machine learning models suitable for real-world applications. The healthcare system may see less strain and better patient outcomes as a result of this in the long run.",Article uses cardiac stroke as the outcome not brain strokes
stroke,Multi-Layer Perceptron For Diagnosing Stroke With The SMOTE Method In Overcoming Data Imbalances,10.37058/innovatics.v5i1.6565,no,no,no,yes,no,no,no,no,yes,development,Indonesia,no statement,no statement,na,na
stroke,An effective PO-RSNN and FZCIS based diabetes prediction and stroke analysis in the metaverse environment,10.1038/s41598-025-96541-2,no,no,no,yes,no,no,no,no,yes,development,India,no statement,no statement,na,"apparent evidence of AI use in the paper ""The proposed work is designed to ensure high generalizability across the diverse differently abled persons like deaf and dumb individuals."""
stroke,Stroke Prediction based on Integrated Models of Biological Risk Factors,10.1145/3644116.3644171,yes,no,no,yes,no,no,no,no,no,development,United Kingdom,no statement,no statement,na,"articles states the data may come from ""clinical volunteers"" and the WHO or CDC: ""The database includes 11 influential risk factors for stroke accredited by WHO and CDC."" Potential that there is AI use in the writing"
stroke,Machine learning approaches for cardiovascular disease prediction: A review,10.1016/j.acvd.2025.04.055,na,na,na,na,na,na,na,na,na,na,China,no statement,no statement,na,not a clinical prediction model study. Is a review article for cardiovasular disease and uses the stroke dataset
stroke,A Glimpse to the Future: Identifying Stroke Risk Factors Using Data Visualization for Stroke Prediction,10.56741/esl.v3i01.470,no,no,no,no,no,yes,no,no,no,development,Indonesia,no statement,no statement,na,na
stroke,A hybrid system to predict brain stroke using a combined feature selection and classifier,10.1016/j.imed.2023.06.002,no,no,no,no,no,no,no,no,no,development,India,no statement,no statement,"The user interface aided in the prediction of brain stroke risk, informing the use of early intervention techniques.",Article explains that a user interface was developed to provide risk predictions of stroke
stroke,Stroke Dataset Modeling: Comparative Study of Machine Learning Classification Methods,10.3390/a17120571,na,na,na,na,na,na,na,na,na,na,na,na,na,na,not a clinical prediction model study
stroke,Revolutionizing heart attack prognosis: Introducing an innovative regression model for prediction,10.1016/j.imu.2025.101664,no,no,no,yes,no,no,no,no,yes,development,United Kingdom,statement that ethics is not required,no statement,"Healthcare professionals – can utilize predictive models to identify high-risk patients early, supporting preventive care and improved outcomes. • Clinical researchers and data scientists – may adapt the modeling pipeline for various medical prediction tasks, enhancing methodological rigor. Hospital administrators and policymakers – can apply these findings to optimize resource allocation, risk stratification, and health policy planning. • Patients and caregivers – stand to benefit from early detection and personalized care through AI-enhanced tools integrated into electronic health systems or wearable technologies. Educators and academic institutions – may use this work as a case study for training in health informatics, machine learning, and applied data science.",Article is predicting heart attacks as the outcome but has used the stroke prediction dataset
stroke,An Ensemble Machine Learning and Data Mining Approach to Enhance Stroke Prediction,10.3390/bioengineering11070672,no,no,no,yes,no,no,no,no,yes,development,United Kingdom,no statement,no statement,This balance between high performance and interpretability is crucial for the adoption of these models in clinical settings.,na
stroke,Intelligent Stroke Disease Prediction Model Using Deep Learning Approaches,10.1155/2024/4523388,no,no,no,yes,no,no,no,no,no,development,China,no statement,no statement,"The test results show that the designed stroke prediction model has high application value, which can assist doctors in assessing and predicting stroke conditions and provide an objective basis for medical decisions.",na
stroke,Combinations of Optimization Method and Balancing Technique in Hypertension Classification with Machine Learning,10.35882/ijeeemi.v7i2.86,no,no,no,yes,no,no,no,no,yes,development,Indonesia,no statement,no statement,na,article uses hypertension as the outcome from the stroke prediction dataset
stroke,Stroke Prediction with Enhanced Gradient Boosting Classifier and Strategic Hyperparameter,10.30812/matrik.v23i2.3555,no,no,no,yes,no,no,no,no,no,development,Indonesia,no statement,no statement,na,na
stroke,Comparison of the C5.0 Algorithm and the CART Algorithm in Stroke Classification,10.24036/ujsds/vol2-iss1/144,na,na,na,na,na,na,na,na,na,na,na,na,na,na,article not in english
stroke,Enhancing automatic early arteriosclerosis prediction: an explainable machine learning evidence,10.1016/j.ceh.2024.12.003,na,na,na,na,na,na,na,na,na,na,na,na,na,na,article did not use the dataset as a primary dataset
stroke,An Open Source Python Library for Anonymizing Sensitive Data,10.1038/s41597-024-04019-z,na,na,na,na,na,na,na,na,na,na,na,na,na,na,not a clinical prediction model study
stroke,Web Design for Stroke Early Detection Using Decision Tree C5.0, 10.33751/komputasi.v20i2.8265,no,no,no,yes,no,no,no,no,no,development,Indonesia,no statement,no statement,"Thus, the model is applied to web applications to predict the risk of stroke.","there is an active website for the prediction of stroke from this article ""https://rezaummamnor.github.io/StrokePredictionRezaUmmam/"""
stroke,A machine learning approach for predictings stroke,10.53388/MDM202407015,no,no,no,yes,no,no,no,no,no,development,United States of America,statement that ethics is not required for this study,no statement,"Additionally, the study’s validation process relied exclusively on internal validation through training and test splits. To ensure the model’s robustness and generalizability in real-world clinical practice, external validation is imperative. Ongoing efforts include deploying the prediction model in a local heart clinic to validate its performance in clinical settings.",Article mentioned will continue to validate the model in a clinical setting on real patients
stroke,Explainable and Interpretable Model for the Early Detection of Brain Stroke Using Optimized Boosting Algorithms,10.3390/diagnostics14222514,no,no,no,yes,no,no,no,no,no,development,India,no statement,no statement," The proposed method using random sampling, extensive feature analysis, and explainable AI offers significant potential for clinical applications. The proposed random sampling approach ensures that the model can identify stroke and non-stroke cases appropriately. The exhaustive feature analysis helps medical professionals to prioritize risk factors. Most importantly, the integration of LIME and SHAP ensures that the model’s predictions are transparent and interpretable. The explainability provided by LIME and SHAP assists healthcare providers in making informed decisions based on individual patient risk profiles. Integrating the model into real-time clinical decision support systems would allow healthcare professionals to use the model’s predictions alongside traditional diagnostic tools, ultimately leading to more informed and timely interventions.",na
stroke,Comparison of Classification and Regression Model Approaches on the Main Causes of Stroke with Symbolic Regression Feyn Qlattice,10.59247/jahir.v1i2.87,no,no,no,yes,no,no,no,no,yes,development,Indonesia,no statement,no statement,na,na
stroke,"Improving stroke risk prediction by integrating XGBoost, optimized principal component analysis, and explainable artificial intelligence",10.1186/s12911-025-02894-z,no,no,no,yes,no,no,no,no,yes,development,Ukraine,statement that ethics was not applicable,no statement,na,na
stroke,Predictive modelling and identification of key risk factors for stroke using machine learning,10.1038/s41598-024-61665-4,yes,no,no,yes,no,no,no,no,yes,development,Pakistan,no statement,no statement,"By conducting external validation studies on these diverse and independent datasets, the authors aim to evaluate and validate the performance of the proposed DSE model. The proposed DSE model can integrate seamlessly into daily life using mobile or web applications, allowing the users to input health data effortlessly. With swift processing and prediction time the results can be relayed promptly. This integration will help in making prompt healthcare intervention in cases of predicted stroke risk.",Article says the dataset comes from McKinsey & Company EHR and is pre-processed with only 30% being publically available. Article also mentions the authors aim to externally validate the model
stroke,When Poor-Quality Data Meet Anonymization Models: Threats and Countermeasures,10.1109/ACCESS.2025.3552412,na,na,na,na,na,na,na,na,na,na,na,na,na,na,article is not a clinical prediction model study. The article does however highlight the issues with the stroke dataset.
stroke,SPE: Ensemble Hybrid Machine Learning Model for Efficient Diagnosis of Brain Stroke towards Clinical Decision Support System (CDSS) ,na,no,no,no,no,no,no,no,no,no,development,India,no statement,no statement,Thus the ensemble model can be used for efficient brain stroke diagnosis as part of Clinical Decision Support System (CDSS). ,na
stroke,A Multi-layer Approach for Data Cleaning in the Healthcare Domain,10.1145/3512850.3512856,na,na,na,na,na,na,na,na,na,na,na,na,na,na,article is not a clinical prediction model study
stroke,A novel Swarm Optimized Clustering based genetic algorithm for medical decision support system,10.1016/j.measen.2023.100821,na,na,na,na,na,na,na,na,na,na,na,na,na,na,article is not a clinical prediction model study
stroke,Pre-Diagnosing the Stroke Using Artificial Neural Network ,10.14704/nq.2022.20.10.NQ55093,no,no,no,yes,no,no,no,no,no,development,Iraq,no statement,no statement,Doctors can plan ahead by pre-diagnosing a stroke. In addition to providing patients with better medicines.,na
stroke,Unveiling the potential of machine learning approaches in predicting the emergence of stroke at its onset: a predicting framework,10.1038/s41598-024-70354-1,no,no,no,yes,no,no,no,no,yes,development,India,no statement,no statement,"With the help of machine learning architecture, the public may be able to calculate their risk of developing a stroke in adult patients for the price of providing some basic information. As a result, patients would be able to receive early stroke treatment and recover in a timely manner.",na
stroke,Comparison of Machine Learning and Deep Learning Techniques for Stroke Prediction,10.29137/umagd.1432162,no,no,no,yes,no,no,no,no,yes,development,Turkey,no statement,no statement,"Based on this information, experts can make more accurate and faster diagnoses and improve treatment planning. Educational programs should focus on how these models can be integrated, interpreted, and incorporated into patient care processes in clinical environments.",article mainly was comparing different methods of modelling for stroke but did have practical recommendations
stroke,BrainOK: Brain Stroke Prediction using Machine Learning,na,no,no,no,no,no,no,no,no,no,development,India,no statement,no statement,"Thus, the Brain Stroke Prediction system has been implemented using the given 5 Machine Learning algorithm given a highest accuracy of 98.56%. The system is therefore designed providing simple yet efficient User Interface design with an empathetic approach towards their users and patients.",The article produced a web application for the prediction of stroke but can not determine if it is publically available
stroke,Quantum-inspired attribute selection algorithms,10.1088/2058-9565/ad934d,na,na,na,na,na,na,na,na,na,na,na,na,na,na,article is not a clinical predction model study
stroke,Enhancing stroke prediction using the waikato environment for knowledge analysis,10.11591/ijai.v13.i3.pp3010-3017,no,no,no,yes,no,no,no,no,yes,development,Jordan,no statement,no statement,na,na
stroke,Adaptive Stochastic Conjugate Gradient Optimization for Backpropagation Neural Networks,10.1109/ACCESS.2024.3370859,na,na,na,na,na,na,na,na,na,na,na,na,na,na,article is not a clinical prediction model study
stroke,A Python library to check the level of anonymity of a dataset,10.1038/s41597-022-01894-2,na,na,na,na,na,na,na,na,na,na,na,na,na,na,article is not a clinical prediction model study
stroke,Robust classification model for identifying stroke patients utilising a machine learning-based ensemble stacking method,10.1088/2631-8695/adad3a,no,no,no,yes,no,no,no,no,yes,development,India,no statement,no statement,na,na
stroke,Are Machine Learning Classifiers Robust Enough Against Poisoned Datasets?,10.1109/MRL.2024.3468213,na,na,na,na,na,na,na,na,na,na,na,na,na,na,article is not a clinical prediction model study. The article does however highlight the issues with the stroke dataset.
stroke,Toward reliable machine learning with Congruity: a quality measure based on formal concept analysis,10.1007/s00521-022-07853-7,na,na,na,na,na,na,na,na,na,na,na,na,na,na,article is not a clinical prediction model study
stroke,Machine Learning Prediction of Brain Stroke at an Early Stage,10.24996/ijs.2023.64.12.39,no,no,no,yes,no,no,no,no,yes,development,Iraq,no statement,no statement,"Furthermore, our model might predict the probability of stroke based on comprehensive data, reducing expenditures. This model can also aid decision-making by reducing overcrowding, improving resource use, and reducing wasteful labor expenditures.",na
stroke,Health Seek: A Deep Learning-Based Intelligent System to Aid Medical Diagnosis,10.4236/jbise.2022.151007,no,no,no,yes,no,no,no,no,yes,development,Spain,no statement,no statement,"As a use case, one of these models has been successfully tested in diagnosing stroke events.",The article makes an app that has been used in practice
stroke,A Catalogue of Machine Learning Algorithms for Healthcare Risk Predictions,10.3390/s22228615,na,na,na,na,na,na,na,na,na,na,na,na,na,na,Article is not a clinical prediction model study but appears to have developed a web based tool for prediction strokes
stroke,"Classification of stroke patients using data mining with AdaBoost, Decision Tree and Random Forest models",10.33096/ilkom.v14i3.1328.218-228,no,no,no,yes,no,no,no,no,no,development,Indonesia,no statement,no statement,na,na
stroke,A new stroke prediction model combined algorithm based on artificial neural networks and logistic regression,10.1117/12.2656802,no,no,no,yes,no,no,no,no,yes,development,China,no statement,no statement,"In the future, it is hoped that the model can be applied to predict not only stroke but also other diseases.",na
stroke,Prediction of Stroke Disease with Demographic and Behavioural Data Using Random Forest Algorithm,10.3390/analytics2030034,no,no,no,no,no,no,no,no,no,development,United Kingdom,no statement,no statement,"In practise, our study is useful to medical practitioners for predicting stroke incidence at an early stage. Also, we demonstrated a workflow that is useful for hospitals to implement as an automated system for early-stage stroke incidence prediction.",Article says the data comes from hospitals in Bangladesh from a team of researchers for academic purposes
stroke,Enhancing Stroke Prediction Using LightGBM With SMOTE-ENN and Fine-Tuning: A Comprehensive Analysis,10.7759/s44389-02402268-y,no,no,no,yes,no,no,no,no,yes,development,Singapore,no statement,no statement,"Finally, integrating real-time processing of data and embedding these models into clinical decision support systems could enable actionable insights at the point of care.",Says the dataset comes from a medical research project
stroke,A Robust Methodology for Stroke Disease Prediction using a Hard Voting Classifier,10.48084/etasr.10292,no,no,no,yes,no,no,no,no,yes,development,Iraq,no statement,no statement,"By advancing scalable, interpretable, and data-driven stroke prediction models, this research paves the way for early intervention strategies, ultimately reducing stroke mortality and improving global healthcare outcomes. In future work, the integration of realworld clinical data, real-time edge AI applications, and explainable decision-making frameworks will empower healthcare providers to make proactive, data-driven interventions.",na
stroke,An intelligent learning system based on electronic health records for unbiased stroke prediction,10.1038/s41598-024-73570-x,no,no,no,yes,no,no,no,no,no,development,Thailand,no statement,no statement,na,na
stroke,A brain stroke detection model using soft voting based ensemble machine learning classifier,10.1016/j.measen.2023.100871,no,no,no,yes,no,no,no,no,no,development,India,no statement,no statement,na,na
stroke,A Novel generalization of sequential decision-theoretic rough set model and its application,10.1016/j.heliyon.2024.e33784 ,na,na,na,na,na,na,na,na,na,na,na,na,na,na,Article is not a clinical prediction model study
stroke,A Machine Learning Ensemble Classifier for Prediction of Brain Strokes,10.14569/IJACSA.2022.0131232,no,no,no,yes,no,no,no,no,yes,development,Egypt,no statement,no statement,na,na
stroke,A Partition-Based Hybrid Algorithm for Effective Imbalanced Classification,10.3390/data10040054,na,na,na,na,na,na,na,na,na,na,na,na,na,na,article is not a clinical prediction model study
stroke,Detecting Stroke in Human Beings Using Machine Learning,10.54941/ahfe1003460,no,no,no,no,no,no,no,no,no,development,Vietnam,no statement,no statement,"This will help to prevent stroke as early as possible instead of managing the patients. We wish scientists can furthermore develop it, so that it can be applied in real world to save precious human-lives.","Authors state that they have collected various data of people including patients affected by stroke. The dataset has 28524 people without stroke, much larger than other articles and the dataset accessible"
stroke,A novel K-nearest neighbor classifier for lung cancer disease diagnosis,10.1007/s00521-024-10235-w,no,no,no,no,no,no,no,no,no,development,India,no statement,no statement,na,"Article was a lung cancer study and used the same model with the stroke dataset, the stroke dataset was not a primary dataset"
stroke,FMCPNN in Digital Twins Smart Healthcare,10.1109/MCE.2022.3184441,na,na,na,na,na,na,na,na,na,na,na,na,na,na,article is not a clinical prediction model study
stroke,Detecting Brain Stroke Using Enhanced Ensemble Models in Data-Driven Healthcare Systems for the Future Factories,10.7759/s44389-025-06211-7,no,no,no,yes,no,no,no,no,yes,development,India,no statement,no statement,"In the context of future factories, such models can improve worker safety through real-time health monitoring and early intervention. Implementing these predictive systems will improve operational efficiency and health outcomes, making future factories smarter and safer.",na
stroke,Analyzing the Performance of Stroke Prediction using ML Classification Algorithms,10.14569/IJACSA.2021.0120662,no,no,no,yes,no,no,no,no,no,development,India,no statement,no statement,The web page is built using simple HTML code. This application has an input form that will take the entered input values from the user to predict the occurrence of stroke.,Article has a practical user interface for the prediction of stroke
stroke,Multiple Explainable Approaches to Predict the Risk of Stroke Using Artificial Intelligence,10.3390/info14080435,no,no,no,yes,no,no,no,no,yes,development,India,no statement,no statement,"Medical professionals can use the classifiers as a decision support system for the prediction of stroke. Real-time stroke screening might be implemented using a user interface, and this framework could be expanded to forecast stroke in a broader population.",na
stroke,Implementation of Deep Learning in Diagnosing Stroke Disease Based on Clinical Data Parameters,10.31967/inside.v2i1.1138,na,na,na,na,na,na,na,na,na,na,na,na,na,na,not an article
stroke,Deep Learning and Machine Learning for Early Detection of Stroke and Haemorrhage.,10.32604/cmc.2022.024492,no,no,no,yes,no,no,no,no,yes,development,Saudi Arabia,no statement,no statement,na,na
stroke,Genetic Folding (GF) Algorithm with Minimal Kernel Operators to Predict Stroke Patients,10.1080/08839514.2022.2151179,no,no,no,yes,no,no,no,no,yes,development,Saudi Arabia,no statement,no statement,The findings are promising for lifecritical applications like stroke detection and mitigation.,"Article where they explain the data, could be considered they talk about WHO to give authenticity to the data."
stroke,Process Mining Organization (PMO) Based on Machine Learning Decision Making for Prevention of Chronic Diseases,10.3390/eng5010015,no,no,no,yes,no,no,no,no,no,development,Italy,no statement,no statement,na,Is unclear if this article was implemented into practice or not
stroke,Risk factor identification for stroke prognosis using machine-learning algorithms,10.5455/jjcit.71-1652725746,no,no,no,yes,no,no,no,no,yes,development,Bangladesh,no statement,no statement,"Therefore, healthcare providers can use these classifiers that are the most suited for predicting stroke based on the medical history of a patient in the real world.",na
stroke,Machine Learning Approaches in Medical Data Processing: A Proposal for an Intelligent Stroke Diagnosis System,10.62520/fujece.1694558,no,no,no,yes,no,no,no,no,yes,development,Turkey,statemetn that ethics was not applicable,no statement,"Furthermore, the practicality and generalizability of these models in clinical applications are tested on real-world data to provide a new perspective to the literature.",Introduction states the models tested on real-world data provides new perspectives
stroke,Healthcare Critical Diagnosis Accuracy: A Proposed Machine Learning Evaluation Metric for Critical Healthcare Analysis,10.32985/ijeces.14.8.10,na,na,na,na,na,na,na,na,na,na,na,na,na,na,article is not a clinical prediction model study
stroke,A Machine Learning Framework for Stroke Prediction: Balancing Precision and Recall in Healthcare Analytics,10.1109/MeMeA65319.2025.11068036,no,no,no,yes,no,no,no,no,yes,development,Romania,no statement,no statement,na,na
stroke,Data Management Analysis for Predicting Stroke using RapidMiner,10.61487/jiste.v2i3.95,no,no,no,no,no,no,no,no,yes,development,Indonesia,no statement,no statement,na,na
stroke,Optimization of Machine Learning Algorithms with Bagging and AdaBoost Methods for Stroke Disease Prediction,na,no,no,no,yes,no,no,no,no,yes,development,Indonesia,no statement,no statement,Future research is expected to deploy the model so that it can be applied to predict new data so that it can help health professionals in predicting early stroke disease.,na
stroke,A comparative analysis of machine learning classifiers for stroke prediction: A predictive analytics approach,10.1016/j.health.2022.100116,no,no,no,yes,no,no,no,no,yes,development,Bangladesh,no statement,no statement,"In addition, a user-friendly web page and mobile app are developed for better representation of results.","Article has created a web and mobile application for predicting stroke. Article also mentions the dataset contains 43,400 rows of data"
stroke,Analysis of Data and Feature Processing on Stroke Prediction using Wide Range Machine Learning Model,10.15575/join.v9i1.1249,no,no,no,yes,no,no,no,no,yes,development,Indonesia,no statement,no statement,na,na
stroke,An Improved Concatenation of Deep Learning Models for Predicting and Interpreting Ischemic Stroke,10.1109/ACCESS.2024.3386220,no,no,no,yes,no,no,no,no,yes,development,Saudi Arabia,no statement,no statement,"We can propel stroke prediction and management to new heights through ongoing innovation and collaboration, ultimately improving healthcare delivery and patient outcomes.",na
stroke,A Predictive Model of Stroke Diseases using Machine Learning Techniques,10.35940/ijrte.A6900.0511122,no,no,no,yes,no,no,no,no,no,development,Jordan,no statement,no statement,A survey was distributed to collect new dataset as an application for prediction of stroke disease. The prediction will be applied for the created models from the three classification techniques that can be used by health care professionals to predict stroke disease and give better treatment plan.,Article suggests a model was developed for use in clinical practice
stroke,CA-UNet Segmentation Makes a Good Ischemic Stroke Risk Prediction,10.1007/s12539-023-00583-x,na,na,na,na,na,na,na,na,na,na,na,na,na,na,stroke prediction dataset was not the primary dataset
stroke,Analysis of Stroke Classification Using Random Forest Method,10.33096/ilkom.v14i3.1252.186-193,no,no,no,no,no,no,no,no,no,development,Indonesia,no statement,no statement,na,na
stroke,Effective Stroke Prediction using Machine Learning Algorithms ,10.34104/ajeit.024.026036,no,no,no,yes,no,no,no,no,yes,development,Bangladesh,no statement,no statement,The developed model using Random Forest can be used as a decision-making model in the medical sector for the prediction of stroke.,na
stroke,Comparison of Classification Algorithm in Predicting Stroke Disease,10.34012/jurnalsisteminformasidanilmukomputer.v6i1.2714,no,no,no,yes,no,no,no,no,yes,development,Indonesia,no statement,no statement,This algorithm is suitable for use with pipelines to make real-time predictions.,na
stroke,Stroke Prediction,10.17265/2159-5275/2021.06.004 ,no,no,no,no,no,no,no,no,no,development,Canada,no statement,no statement,Using data to assess a person’s risk of having a stroke may help assist doctors in identifying people who are at high risk and give them appropriate advice and treatment.,na
stroke,Two inertial projective Mann forward-backward algorithm for variational inclusion problems and application to stroke prediction,10.37193/CJM.2024.02.10,na,na,na,na,na,na,na,na,na,na,na,na,na,na,article is not a clinical prediction model study
stroke,Enhanced stroke prediction using stacking methodology (ESPESM) in intelligent sensors for aiding preemptive clinical diagnosis of brain stroke,10.1016/j.measen.2024.101108,no,no,no,yes,no,no,no,no,yes,development,India,no statement,no statement,"With the advent of wearable devices, electronic health records, and real-time monitoring systems, there is an opportunity to incorporate continuous monitoring data and dynamic features into the predictive models. This can enhance the timeliness and accuracy of stroke prediction, enabling more proactive interventions and personalized care.",na
stroke,K-Prototype algorithm to identify the characteristic of stroke patients,10.1063/5.0262464,na,na,na,na,na,na,na,na,na,na,na,na,na,na,article is not a clinical prediction model study
stroke,A novel adaptive weight bi-directional long short-term memory (AWBi-LSTM) classifier model for heart stroke risk level prediction in IoT,10.7717/peerj-cs.2196,no,no,no,no,no,no,no,no,yes,development,India,no statement,no statement,Early identification allows individuals to promptly obtain stroke treatment and then reconstruct their lives after the incident.,na
stroke,Utility of GAN generated synthetic data for cardiovascular diseases mortality prediction: an experimental study,10.1007/s12553-024-00847-6,na,na,na,na,na,na,na,na,na,na,na,na,na,na,article is not a clinical prediction model study. Althought the authors used the stroke dataset as a cardiovascular stroke dataset not brain
stroke,Improved Clinical Diagnosis Using Predictive Analytics,10.1109/ACCESS.2022.3190416,na,na,na,na,na,na,na,na,na,na,na,na,na,na,article is not a clinical prediction model study
stroke,Challenging the Performance-Interpretability Trade-Off: An Evaluation of Interpretable Machine Learning Models,10.1007/s12599-024-00922-2,na,na,na,na,na,na,na,na,na,na,na,na,na,na,article is not a clinical prediction model study
stroke,The CLASSIFICATION OF STROKE PREDICTION USING THE SUPPORT VECTOR MACHINE (SVM) METHOD,10.35957/jatisi.v11i3.8044,no,no,no,yes,no,no,no,no,yes,development,Indonesia,no statement,no statement,"It is recommended that further research combine it with other methods, explore a wide range of data, and improve the website system into an application to provide a more varied display and more optimal results.",article created a web based application for predicting strokes
stroke,Comparison of Data Mining Classification Algorithms for Stroke Disease Prediction Using the SMOTE Upsampling Method,10.30595/juita.v11i2.17348,na,na,na,na,na,na,na,na,na,na,na,na,na,na,article is not a clinical prediction model study
stroke,Towards Unlocking the Hidden Potentials of the Data-Centric AI Paradigm in the Modern Era,10.3390/asi7040054,na,na,na,na,na,na,na,na,na,na,na,na,na,na,article is not a clinical prediction model study
stroke,RDET stacking classifier: a novel machine learning based approach for stroke prediction using imbalance data,10.7717/peerj-cs.1684,no,no,no,no,no,no,no,no,no,development,Saudi Arabia,no statement,no statement,The results of this study help clinicians identify brain strokes early and effectively.,na
stroke,Stroke prediction based on multifactorial regression models,10.1117/12.2662578,no,no,no,yes,no,no,no,no,yes,development,China,no statement,no statement,na,na
stroke,Stroke Risk Prediction with Machine Learning Techniques,10.3390/s22134670,no,no,no,yes,no,no,no,no,yes,development,Greece,no statement,no statement,na,na
